Time,TC1,TC2,TC3,TC4,TC5,TC6,Power (1023 Max)
0,0.66,0.77,0.79,0.87,0.88,0.81,230
0.2,0.65,0.75,0.79,0.84,0.88,0.84,230
0.4,0.67,0.77,0.79,0.84,0.81,0.8,230
0.6,1.16,0.81,0.8,0.87,0.81,0.77,230
0.8,1.7,0.81,0.77,0.88,0.9,0.8,230
1,2.45,1.02,0.8,0.81,0.87,0.77,230
1.2,3.07,1.12,0.84,0.87,0.81,0.81,230
1.4,3.84,1.38,0.83,0.93,0.83,0.77,230
1.6,4.7,1.73,0.89,0.89,0.75,0.79,230
1.8,5.55,1.98,0.98,0.83,0.8,0.8,230
2,6.23,2.34,1.1,0.93,0.81,0.81,230
2.2,6.91,2.76,1.18,0.93,0.87,0.84,230
2.4,7.83,3.13,1.32,0.89,0.83,0.79,230
2.6,8.67,3.53,1.51,0.98,0.87,0.84,230
2.8,9.32,3.82,1.53,1.08,0.87,0.77,230
3,10.11,4.34,1.84,1.12,0.89,0.73,230
3.2,10.82,4.78,2.05,1.2,0.88,0.77,230
3.4,11.57,5.18,2.22,1.28,0.93,0.8,230
3.6,12.13,5.49,2.51,1.33,0.94,0.8,230
3.8,12.83,6.08,2.63,1.51,1,0.84,230
4,13.49,6.47,2.92,1.56,1.03,0.77,230
4.2,14.09,6.82,3.13,1.7,1.1,0.81,230
4.4,14.84,7.35,3.34,1.8,1.07,0.79,230
4.6,15.47,7.75,3.53,1.95,1.16,0.9,230
4.8,15.99,8.25,3.75,2.02,1.23,0.9,230
5,16.55,8.6,4.06,2.2,1.3,0.88,230
5.2,17.28,8.98,4.37,2.35,1.4,0.95,230
5.4,17.84,9.29,4.5,2.51,1.42,0.97,230
5.6,18.31,9.88,4.79,2.57,1.46,0.97,230
5.8,18.77,10.13,5.05,2.7,1.52,1,230
6,19.51,10.62,5.32,2.9,1.67,1.03,230
6.2,20.05,11.04,5.54,3.05,1.71,1.07,230
6.4,20.5,11.38,5.87,3.23,1.73,1.08,230
6.6,21.06,11.7,6.08,3.38,1.88,1.09,230
6.8,21.52,12.07,6.33,3.51,2,1.16,230
7,22.18,12.45,6.55,3.6,2.02,1.22,230
7.2,22.52,12.8,6.84,3.79,2.13,1.23,230
7.4,22.94,13.1,6.99,3.9,2.25,1.3,230
7.6,23.37,13.45,7.28,4.08,2.28,1.3,230
7.8,23.84,13.85,7.54,4.29,2.43,1.4,230
8,24.35,14.23,7.77,4.38,2.51,1.37,230
8.2,24.83,14.52,7.99,4.55,2.62,1.45,230
8.4,25.16,14.86,8.21,4.7,2.62,1.47,230
8.6,25.56,15.16,8.5,4.88,2.78,1.57,230
8.8,26.02,15.54,8.67,5.02,2.92,1.57,230
9,26.51,15.81,8.95,5.18,2.96,1.66,230
9.2,26.8,16.14,9.13,5.34,3.12,1.66,230
9.4,27.23,16.4,9.35,5.49,3.16,1.71,230
9.6,27.64,16.77,9.57,5.6,3.21,1.8,230
9.8,28.01,17.07,9.8,5.78,3.38,1.91,230
10,28.34,17.4,9.98,5.91,3.52,1.91,230
10.2,28.76,17.64,10.19,6.08,3.53,1.98,230
10.4,29.08,17.9,10.48,6.22,3.65,1.98,230
10.6,29.51,18.25,10.65,6.37,3.82,2.09,230
10.8,29.78,18.44,10.84,6.47,3.82,2.2,230
11,30.14,18.68,11.05,6.66,3.92,2.15,230
11.2,30.56,18.99,11.21,6.77,3.98,2.23,230
11.4,30.77,19.28,11.45,6.91,4.2,2.29,230
11.6,31.17,19.58,11.65,7.09,4.24,2.33,230
11.8,31.46,19.7,11.81,7.25,4.38,2.35,230
12,31.7,20.02,11.99,7.41,4.43,2.52,230
12.2,31.97,20.24,12.16,7.49,4.56,2.51,230
12.4,32.35,20.5,12.37,7.66,4.63,2.62,230
12.6,32.68,20.79,12.52,7.77,4.73,2.62,230
12.8,32.95,21.03,12.67,7.89,4.8,2.7,230
13,33.3,21.27,12.91,7.96,4.85,2.78,230
13.2,33.51,21.43,13.15,8.13,5.01,2.83,230
13.4,33.8,21.7,13.27,8.3,5.1,2.91,230
13.6,34.09,21.87,13.45,8.44,5.16,2.92,230
13.8,34.34,22.13,13.55,8.56,5.26,2.93,230
14,34.6,22.27,13.74,8.65,5.32,2.99,230
14.2,34.88,22.58,13.89,8.84,5.48,3.11,230
14.4,35.05,22.8,14.11,8.94,5.59,3.09,230
14.6,35.33,22.98,14.18,8.99,5.6,3.16,230
14.8,35.68,23.12,14.35,9.15,5.7,3.19,230
15,35.8,23.37,14.5,9.24,5.8,3.27,230
15.2,36.09,23.59,14.63,9.34,5.89,3.34,230
15.4,36.34,23.7,14.8,9.49,5.98,3.31,230
15.6,36.58,23.89,14.97,9.59,6.09,3.46,230
15.8,36.84,24.1,15.16,9.7,6.18,3.48,230
16,37.09,24.26,15.26,9.77,6.24,3.52,230
16.2,37.32,24.45,15.4,9.92,6.32,3.61,230
16.4,37.52,24.59,15.57,10.04,6.35,3.67,230
16.6,37.7,24.84,15.68,10.16,6.47,3.73,230
16.8,37.88,25.03,15.85,10.16,6.58,3.75,230
17,38.11,25.14,15.99,10.32,6.57,3.81,230
17.2,38.29,25.38,16.01,10.43,6.72,3.86,230
17.4,38.55,25.57,16.23,10.55,6.82,3.92,230
17.6,38.78,25.7,16.33,10.59,6.84,3.92,230
17.8,38.95,25.84,16.45,10.7,6.87,3.97,230
18,39.14,25.98,16.55,10.84,7.02,3.95,230
18.2,39.3,26.13,16.7,10.95,7.06,4.08,230
18.4,39.58,26.34,16.75,11,7.12,4.16,230
18.6,39.59,26.42,16.96,11.14,7.2,4.2,230
18.8,39.92,26.52,17.11,11.2,7.25,4.22,230
19,40.02,26.78,17.22,11.3,7.41,4.24,230
19.2,40.17,26.99,17.33,11.4,7.37,4.35,230
19.4,40.37,27.08,17.35,11.51,7.41,4.41,230
19.6,40.52,27.26,17.62,11.52,7.53,4.41,230
19.8,40.7,27.39,17.61,11.62,7.62,4.43,230
20,40.87,27.5,17.75,11.74,7.63,4.45,230
20.2,41.15,27.55,17.87,11.74,7.7,4.6,230
20.4,41.25,27.7,17.94,11.84,7.81,4.58,230
20.6,41.45,27.9,18.01,11.91,7.89,4.55,230
20.8,41.51,28.01,18.12,12.01,7.95,4.7,230
21,41.63,28.15,18.23,12.07,7.96,4.7,230
21.2,41.83,28.23,18.38,12.14,8.04,4.73,230
21.4,41.98,28.35,18.37,12.22,8.05,4.78,230
21.6,42.13,28.41,18.52,12.35,8.13,4.87,230
21.8,42.32,28.55,18.63,12.41,8.13,4.85,230
22,42.38,28.76,18.71,12.46,8.27,4.91,230
22.2,42.56,28.82,18.79,12.56,8.38,4.95,230
22.4,42.7,28.92,18.88,12.59,8.44,4.98,230
22.6,42.86,29.12,18.92,12.72,8.52,5.04,230
22.8,42.86,29.14,19.08,12.76,8.52,5.08,230
23,43.06,29.23,19.12,12.82,8.56,5.08,230
23.2,43.3,29.34,19.28,12.88,8.59,5.1,230
23.4,43.36,29.51,19.32,12.95,8.63,5.14,230
23.6,43.45,29.57,19.45,13.03,8.7,5.2,230
23.8,43.58,29.71,19.45,13.06,8.81,5.22,230
24,43.77,29.78,19.56,13.15,8.81,5.32,230
24.2,43.91,29.92,19.65,13.21,8.88,5.28,230
24.4,44.03,30.05,19.72,13.31,8.91,5.41,230
24.6,44.12,30.16,19.78,13.34,9.05,5.43,230
24.8,44.26,30.2,19.91,13.45,8.97,5.43,230
25,44.26,30.31,19.99,13.55,9.07,5.41,230
25.2,44.41,30.42,20.02,13.62,9.15,5.49,230
25.4,44.59,30.55,20.13,13.63,9.13,5.52,230
25.6,44.64,30.65,20.18,13.68,9.21,5.57,230
25.8,44.79,30.68,20.3,13.74,9.22,5.59,230
26,44.89,30.78,20.37,13.74,9.32,5.63,230
26.2,45.05,30.86,20.45,13.83,9.35,5.64,230
26.4,45.1,30.98,20.51,13.89,9.34,5.68,230
26.6,45.23,31.05,20.66,13.98,9.43,5.76,230
26.8,45.32,31.15,20.55,14.02,9.55,5.78,230
27,45.45,31.23,20.73,14.05,9.57,5.8,230
27.2,45.47,31.23,20.77,14.09,9.62,5.8,230
27.4,45.57,31.34,20.82,14.15,9.68,5.84,230
27.6,45.76,31.44,20.91,14.24,9.69,5.95,230
27.8,45.86,31.46,20.99,14.24,9.7,5.95,230
28,45.91,31.6,21.05,14.3,9.69,5.91,230
28.2,45.98,31.62,21.1,14.38,9.7,5.98,230
28.4,46.13,31.7,21.1,14.44,9.88,5.97,230
28.6,46.24,31.76,21.19,14.52,9.94,6.02,230
28.8,46.3,31.87,21.31,14.52,9.95,6.05,230
29,46.39,31.92,21.32,14.63,9.94,6.1,230
29.2,46.45,32.05,21.41,14.65,10.02,6.1,230
29.4,46.5,32.08,21.41,14.63,10,6.12,230
29.6,46.61,32.21,21.52,14.67,10.08,6.14,230
29.8,46.7,32.27,21.52,14.77,10.1,6.16,230
30,46.77,32.38,21.52,14.76,10.11,6.16,230
30.2,46.89,32.49,21.7,14.76,10.17,6.22,230
30.4,47.01,32.52,21.7,14.84,10.23,6.23,230
30.6,47.03,32.48,21.72,14.87,10.23,6.22,230
30.8,47.19,32.54,21.77,14.89,10.25,6.28,230
31,47.21,32.54,21.84,15.03,10.35,6.32,230
31.2,47.3,32.65,21.91,15.04,10.32,6.33,230
31.4,47.34,32.74,21.96,15.13,10.36,6.35,230
31.6,47.45,32.8,21.97,15.16,10.38,6.35,230
31.8,47.5,32.84,22.03,15.17,10.41,6.45,230
32,47.59,32.94,22.11,15.17,10.48,6.41,230
32.2,47.66,32.98,22.13,15.21,10.51,6.43,230
32.4,47.75,33.04,22.19,15.21,10.55,6.45,230
32.6,47.84,33.05,22.23,15.27,10.59,6.47,230
32.8,47.85,33.07,22.25,15.31,10.59,6.52,230
33,47.9,33.26,22.34,15.34,10.55,6.47,230
33.2,48.02,33.26,22.4,15.41,10.59,6.53,230
33.4,48.09,33.34,22.45,15.43,10.59,6.59,230
33.6,48.09,33.37,22.45,15.48,10.66,6.59,230
33.8,48.21,33.45,22.52,15.47,10.68,6.55,230
34,48.22,33.49,22.54,15.53,10.7,6.57,230
34.2,48.29,33.53,22.6,15.53,10.76,6.64,230
34.4,48.38,33.59,22.62,15.57,10.82,6.59,230
34.6,48.39,33.63,22.66,15.64,10.84,6.64,230
34.8,48.48,33.71,22.76,15.66,10.77,6.7,230
35,48.53,33.78,22.73,15.66,10.83,6.7,230
35.2,48.59,33.88,22.72,15.73,10.85,6.7,230
35.4,48.65,33.88,22.8,15.74,10.85,6.7,230
35.6,48.73,33.88,22.85,15.81,10.91,6.7,230
35.8,48.73,33.95,22.85,15.82,10.93,6.77,230
36,48.78,34.04,22.92,15.81,10.99,6.72,230
36.2,48.85,34.04,22.98,15.85,10.98,6.74,230
36.4,48.9,34.09,23.05,15.86,10.99,6.77,230
36.6,48.98,34.11,22.98,15.91,11.06,6.79,230
36.8,48.98,34.19,23.05,15.95,11.09,6.82,230
37,49.02,34.14,23.03,15.96,11.09,6.85,230
37.2,49.05,34.19,23.09,15.96,11.1,6.91,230
37.4,49.19,34.19,23.1,16.05,11.14,6.87,230
37.6,49.22,34.28,23.16,16.01,11.12,6.91,230
37.8,49.33,34.38,23.19,16.07,11.16,6.85,230
38,49.37,34.41,23.3,16.07,11.21,6.95,230
38.2,49.41,34.45,23.3,16.13,11.2,6.99,230
38.4,49.48,34.51,23.3,16.09,11.23,6.95,230
38.6,49.5,34.56,23.37,16.18,11.21,6.98,230
38.8,49.49,34.6,23.35,16.2,11.3,7.04,230
39,49.56,34.61,23.39,16.27,11.31,6.99,230
39.2,49.56,34.63,23.37,16.19,11.38,7.02,230
39.4,49.63,34.71,23.42,16.33,11.38,7.09,230
39.6,49.71,34.7,23.48,16.31,11.35,7.04,230
39.8,49.77,34.71,23.57,16.33,11.38,7.04,230
40,49.74,34.75,23.55,16.34,11.35,7.04,230
40.2,49.79,34.8,23.55,16.39,11.38,7.12,230
40.4,49.84,34.86,23.55,16.35,11.35,7.06,230
40.6,49.91,34.81,23.55,16.42,11.41,7.18,230
40.8,49.94,34.88,23.62,16.45,11.47,7.08,230
41,49.96,34.9,23.57,16.46,11.47,7.08,230
41.2,50,34.97,23.69,16.47,11.47,7.14,230
41.4,50.09,34.88,23.73,16.47,11.51,7.16,230
41.6,50.04,35,23.7,16.42,11.48,7.18,230
41.8,50.09,35,23.75,16.53,11.48,7.19,230
42,50.16,35.05,23.8,16.48,11.59,7.14,230
42.2,50.19,35.13,23.82,16.55,11.53,7.18,230
42.4,50.19,35.14,23.84,16.59,11.55,7.2,230
42.6,50.26,35.16,23.84,16.62,11.59,7.19,230
42.8,50.27,35.23,23.91,16.55,11.59,7.25,230
43,50.36,35.26,23.93,16.63,11.65,7.25,230
43.2,50.38,35.28,23.95,16.63,11.65,7.28,230
43.4,50.41,35.32,23.91,16.62,11.66,7.23,230
43.6,50.49,35.3,23.98,16.62,11.65,7.25,230
43.8,50.51,35.3,23.99,16.66,11.62,7.29,230
44,50.55,35.41,23.99,16.7,11.68,7.27,230
44.2,50.53,35.46,24.04,16.75,11.74,7.28,230
44.4,50.55,35.45,24.04,16.79,11.66,7.31,230
44.6,50.62,35.45,24.06,16.73,11.7,7.27,230
44.8,50.66,35.52,24.1,16.74,11.73,7.28,230
45,50.66,35.58,24.09,16.83,11.74,7.34,230
45.2,50.69,35.53,24.15,16.75,11.81,7.31,230
45.4,50.8,35.58,24.16,16.84,11.81,7.28,230
45.6,50.78,35.6,24.2,16.87,11.79,7.29,230
45.8,50.78,35.6,24.2,16.8,11.8,7.28,230
46,50.81,35.65,24.22,16.86,11.8,7.31,230
46.2,50.86,35.61,24.22,16.86,11.79,7.35,230
46.4,50.8,35.63,24.23,16.9,11.79,7.39,230
46.6,50.94,35.61,24.24,16.95,11.84,7.43,230
46.8,50.97,35.66,24.29,16.94,11.91,7.41,230
47,51.01,35.66,24.29,16.94,11.88,7.39,230
47.2,51.01,35.65,24.29,16.98,11.93,7.41,230
47.4,51.11,35.7,24.33,16.92,11.88,7.47,230
47.6,51.06,35.81,24.36,17,11.93,7.41,230
47.8,51.09,35.73,24.36,17.03,11.95,7.5,230
48,51.2,35.81,24.42,17.02,11.93,7.47,230
48.2,51.2,35.8,24.4,17.02,11.98,7.5,230
48.4,51.28,35.91,24.44,17.03,11.93,7.48,230
48.6,51.29,35.88,24.44,17.11,11.97,7.48,230
48.8,51.29,35.94,24.44,17.14,11.93,7.49,230
49,51.29,35.94,24.44,17.09,11.98,7.54,230
49.2,51.29,35.93,24.46,17.06,11.92,7.53,230
49.4,51.26,36.01,24.51,17.11,11.88,7.54,230
49.6,51.36,36.05,24.51,17.09,11.98,7.45,230
49.8,51.31,36.03,24.51,17.09,12.05,7.53,230
50,51.38,35.97,24.52,17.14,12.05,7.5,230
50.2,51.36,36.05,24.55,17.13,11.99,7.53,230
50.4,51.44,36.07,24.55,17.09,12.01,7.5,230
50.6,51.43,36.12,24.58,17.13,12.05,7.54,230
50.8,51.44,36.1,24.52,17.09,12.02,7.55,230
51,51.52,36.05,24.52,17.14,12.02,7.5,230
51.2,51.48,36.09,24.58,17.16,12.05,7.5,230
51.4,51.48,36.05,24.62,17.13,12.01,7.56,230
51.6,51.51,36.13,24.65,17.16,12.13,7.55,230
51.8,51.54,36.14,24.62,17.27,12.12,7.56,230
52,51.56,36.2,24.69,17.27,12.1,7.56,230
52.2,51.64,36.17,24.69,17.22,12.07,7.6,230
52.4,51.66,36.19,24.66,17.2,12.1,7.56,230
52.6,51.66,36.26,24.69,17.2,12.05,7.63,230
52.8,51.68,36.26,24.69,17.28,12.12,7.59,230
53,51.74,36.24,24.7,17.3,12.13,7.59,230
53.2,51.8,36.26,24.74,17.3,12.14,7.64,230
53.4,51.73,36.31,24.72,17.27,12.18,7.62,230
53.6,51.77,36.32,24.72,17.33,12.13,7.6,230
53.8,51.77,36.31,24.82,17.33,12.16,7.6,230
54,51.77,36.38,24.8,17.28,12.24,7.66,230
54.2,51.77,36.31,24.83,17.34,12.18,7.7,230
54.4,51.8,36.36,24.74,17.34,12.2,7.7,230
54.6,51.9,36.42,24.78,17.37,12.25,7.64,230
54.8,51.88,36.42,24.84,17.33,12.18,7.69,230
55,51.9,36.38,24.82,17.37,12.2,7.68,230
55.2,51.88,36.42,24.83,17.35,12.25,7.74,230
55.4,51.93,36.52,24.87,17.42,12.25,7.73,230
55.6,51.94,36.45,24.89,17.4,12.29,7.66,230
55.8,51.98,36.52,24.85,17.46,12.18,7.66,230
56,52.02,36.45,24.9,17.37,12.22,7.7,230
56.2,51.95,36.48,24.96,17.41,12.2,7.7,230
56.4,51.94,36.56,24.92,17.42,12.22,7.7,230
56.6,51.95,36.55,24.91,17.42,12.24,7.64,230
56.8,52.02,36.55,24.95,17.47,12.29,7.75,230
57,52.05,36.58,24.92,17.47,12.24,7.68,230
57.2,52.01,36.57,24.98,17.47,12.29,7.77,230
57.4,52.06,36.62,24.96,17.41,12.29,7.75,230
57.6,52.04,36.65,25.03,17.48,12.27,7.73,230
57.8,52.09,36.64,25.03,17.5,12.25,7.74,230
58,52.14,36.69,24.98,17.48,12.25,7.75,230
58.2,52.13,36.67,24.91,17.5,12.33,7.75,230
58.4,52.12,36.67,24.96,17.48,12.28,7.73,230
58.6,52.12,36.65,25.01,17.5,12.29,7.69,230
58.8,52.11,36.7,25.01,17.55,12.35,7.74,230
59,52.2,36.76,25.02,17.53,12.34,7.7,230
59.2,52.25,36.67,25.09,17.51,12.35,7.73,230
59.4,52.2,36.73,25.05,17.57,12.39,7.75,230
59.6,52.25,36.77,25.05,17.55,12.25,7.87,230
59.8,52.2,36.69,25.08,17.53,12.28,7.75,230
60,52.25,36.78,25.05,17.55,12.33,7.75,230
60.2,52.26,36.76,25.12,17.57,12.37,7.77,230
60.4,52.31,36.78,25.09,17.59,12.35,7.74,230
60.6,52.31,36.82,25.1,17.55,12.4,7.77,230
60.8,52.3,36.77,25.16,17.57,12.34,7.75,230
61,52.31,36.8,25.12,17.55,12.37,7.77,230
61.2,52.36,36.83,25.14,17.55,12.37,7.77,230
61.4,52.41,36.77,25.19,17.55,12.39,7.74,230
61.6,52.32,36.82,25.14,17.57,12.37,7.77,230
61.8,52.32,36.84,25.14,17.62,12.41,7.81,230
62,52.44,36.87,25.12,17.59,12.37,7.75,230
62.2,52.44,36.91,25.19,17.61,12.37,7.77,230
62.4,52.43,36.93,25.16,17.63,12.45,7.83,230
62.6,52.43,36.9,25.18,17.59,12.42,7.77,230
62.8,52.44,36.97,25.19,17.61,12.4,7.81,230
63,52.39,36.93,25.21,17.61,12.46,7.8,230
63.2,52.44,36.95,25.23,17.59,12.4,7.77,230
63.4,52.45,36.95,25.23,17.62,12.4,7.81,230
63.6,52.43,36.91,25.19,17.59,12.4,7.84,230
63.8,52.48,36.9,25.23,17.64,12.45,7.77,230
64,52.52,36.93,25.21,17.67,12.45,7.77,230
64.2,52.52,36.95,25.16,17.67,12.41,7.83,230
64.4,52.51,36.95,25.18,17.68,12.42,7.77,230
64.6,52.48,36.97,25.23,17.63,12.48,7.77,230
64.8,52.55,36.95,25.25,17.64,12.39,7.83,230
65,52.52,36.98,25.27,17.64,12.45,7.84,230
65.2,52.54,37.02,25.23,17.64,12.41,7.84,230
65.4,52.55,36.97,25.21,17.68,12.4,7.87,230
65.6,52.55,36.95,25.16,17.68,12.46,7.83,230
65.8,52.63,36.98,25.23,17.7,12.39,7.84,230
66,52.58,37,25.27,17.68,12.52,7.87,230
66.2,52.56,37.04,25.19,17.74,12.45,7.88,230
66.4,52.63,37.02,25.31,17.68,12.48,7.77,230
66.6,52.65,36.98,25.3,17.7,12.5,7.8,230
66.8,52.65,37.02,25.31,17.7,12.48,7.83,230
67,52.67,37.04,25.28,17.7,12.41,7.8,230
67.2,52.67,37.08,25.31,17.75,12.46,7.87,230
67.4,52.66,37.04,25.3,17.75,12.45,7.84,230
67.6,52.7,37.04,25.3,17.75,12.45,7.84,230
67.8,52.7,37.06,25.28,17.74,12.55,7.8,230
68,52.74,37.02,25.3,17.74,12.5,7.87,230
68.2,52.7,37.09,25.36,17.7,12.46,7.87,230
68.4,52.73,37.02,25.34,17.7,12.46,7.81,230
68.6,52.73,37.02,25.28,17.7,12.52,7.81,230
68.8,52.74,37.09,25.37,17.75,12.54,7.83,230
69,52.79,37.13,25.37,17.73,12.46,7.83,230
69.2,52.84,37.2,25.32,17.77,12.46,7.87,230
69.4,52.81,37.17,25.34,17.77,12.48,7.87,230
69.6,52.8,37.11,25.36,17.77,12.5,7.89,230
69.8,52.76,37.19,25.36,17.8,12.48,7.88,230
70,52.77,37.11,25.39,17.74,12.54,7.87,230
70.2,52.73,37.15,25.37,17.77,12.52,7.83,230
70.4,52.76,37.19,25.38,17.73,12.59,7.88,230
70.6,52.81,37.15,25.39,17.74,12.5,7.88,230
70.8,52.8,37.19,25.39,17.77,12.5,7.88,230
71,52.81,37.17,25.37,17.8,12.5,7.9,230
71.2,52.86,37.21,25.44,17.8,12.54,7.88,230
71.4,52.87,37.19,25.43,17.83,12.54,7.84,230
71.6,52.86,37.23,25.45,17.77,12.52,7.91,230
71.8,52.87,37.17,25.38,17.77,12.48,7.88,230
72,52.88,37.23,25.49,17.77,12.54,7.87,230
72.2,52.91,37.32,25.44,17.77,12.55,7.89,230
72.4,52.95,37.2,25.43,17.75,12.5,7.95,230
72.6,52.91,37.27,25.5,17.77,12.46,7.89,230
72.8,52.89,37.23,25.44,17.83,12.56,7.9,230
73,52.87,37.3,25.41,17.83,12.54,7.84,230
73.2,52.95,37.27,25.43,17.83,12.5,7.9,230
73.4,52.93,37.23,25.38,17.83,12.59,7.88,230
73.6,52.89,37.21,25.44,17.77,12.63,7.88,230
73.8,52.86,37.26,25.49,17.75,12.61,7.84,230
74,52.91,37.28,25.45,17.8,12.59,7.87,230
74.2,52.94,37.26,25.45,17.8,12.52,7.88,230
74.4,52.94,37.28,25.48,17.77,12.55,7.89,230
74.6,52.88,37.32,25.43,17.89,12.59,7.9,230
74.8,52.93,37.26,25.44,17.85,12.56,7.87,230
75,52.94,37.34,25.43,17.83,12.5,7.9,230
75.2,52.96,37.27,25.45,17.83,12.56,7.88,230
75.4,52.91,37.3,25.39,17.77,12.54,7.88,230
75.6,52.89,37.33,25.43,17.84,12.55,7.87,230
75.8,52.95,37.32,25.49,17.75,12.59,7.87,230
76,52.89,37.28,25.44,17.77,12.54,7.84,230
76.2,52.89,37.3,25.44,17.83,12.48,7.84,230
76.4,52.98,37.28,25.45,17.87,12.54,7.95,230
76.6,52.94,37.28,25.44,17.89,12.54,7.91,230
76.8,52.99,37.27,25.45,17.89,12.55,7.89,230
77,52.95,37.3,25.44,17.84,12.63,7.9,230
77.2,52.91,37.33,25.49,17.87,12.66,7.94,230
77.4,52.93,37.3,25.57,17.84,12.61,7.91,230
77.6,53,37.35,25.55,17.85,12.59,7.91,230
77.8,53,37.35,25.55,17.83,12.61,7.94,230
78,52.95,37.32,25.49,17.87,12.59,7.96,230
78.2,52.98,37.34,25.52,17.94,12.59,7.95,230
78.4,52.95,37.34,25.5,17.94,12.56,7.98,230
78.6,53.05,37.34,25.52,17.95,12.63,7.98,230
78.8,53.06,37.34,25.52,17.9,12.61,7.95,230
79,52.98,37.33,25.52,17.91,12.59,7.99,230
79.2,53,37.3,25.52,17.87,12.67,7.99,230
79.4,52.98,37.28,25.52,17.94,12.67,8.02,230
79.6,53.11,37.35,25.57,17.9,12.66,7.96,230
79.8,53.12,37.34,25.55,17.91,12.66,7.95,230
80,53.2,37.45,25.62,17.94,12.63,7.99,230
80.2,53.16,37.42,25.57,17.96,12.63,7.98,230
80.4,53.11,37.46,25.61,17.98,12.66,7.99,230
80.6,53.14,37.48,25.62,17.98,12.67,8.02,230
80.8,53.16,37.52,25.57,17.98,12.72,7.95,230
81,53.16,37.48,25.63,17.94,12.72,8.02,230
81.2,53.18,37.46,25.68,17.9,12.72,7.99,230
81.4,53.19,37.42,25.61,17.95,12.73,8.02,230
81.6,53.26,37.42,25.7,17.98,12.67,8.02,230
81.8,53.3,37.48,25.68,17.95,12.7,8.04,230
82,53.23,37.41,25.62,18.02,12.72,8.05,230
82.2,53.26,37.48,25.61,18.01,12.67,8.04,230
82.4,53.23,37.48,25.63,18.02,12.72,8.02,230
82.6,53.2,37.48,25.68,18.02,12.74,8.04,230
82.8,53.24,37.53,25.66,18.02,12.73,8.02,230
83,53.21,37.55,25.72,18.01,12.74,8.02,230
83.2,53.26,37.53,25.74,17.98,12.77,8.02,230
83.4,53.21,37.48,25.74,17.95,12.73,8.1,230
83.6,53.26,37.55,25.74,18.01,12.7,8.02,230
83.8,53.24,37.48,25.66,18.07,12.7,8.04,230
84,53.29,37.52,25.7,18.09,12.73,8.04,230
84.2,53.26,37.48,25.66,18.03,12.73,7.98,230
84.4,53.27,37.49,25.63,18.08,12.72,7.98,230
84.6,53.33,37.53,25.72,17.98,12.8,8.02,230
84.8,53.35,37.52,25.68,18.03,12.73,8.02,230
85,53.31,37.48,25.74,18.01,12.74,7.99,230
85.2,53.29,37.54,25.75,17.98,12.7,7.99,230
85.4,53.24,37.55,25.72,17.98,12.74,8.02,230
85.6,53.27,37.48,25.72,18.02,12.66,7.96,230
85.8,53.27,37.46,25.61,18.05,12.7,7.96,230
86,53.31,37.48,25.59,18.01,12.63,7.95,230
86.2,53.33,37.48,25.66,18.05,12.74,7.99,230
86.4,53.31,37.48,25.64,17.98,12.8,8.02,230
86.6,53.3,37.48,25.66,17.96,12.72,7.94,230
86.8,53.24,37.54,25.68,18.02,12.7,7.98,230
87,53.23,37.49,25.7,17.98,12.72,8.02,230
87.2,53.33,37.48,25.7,18.02,12.69,8.02,230
87.4,53.31,37.55,25.68,18.02,12.72,7.98,230
87.6,53.29,37.52,25.62,18.03,12.66,7.98,230
87.8,53.33,37.55,25.66,18.03,12.7,7.95,230
88,53.3,37.52,25.64,18.03,12.73,7.96,230
88.2,53.33,37.58,25.63,17.98,12.67,7.96,230
88.4,53.3,37.54,25.64,17.94,12.69,7.95,230
88.6,53.27,37.58,25.62,17.98,12.74,7.94,230
88.8,53.35,37.52,25.63,17.96,12.69,7.95,230
89,53.33,37.59,25.7,17.96,12.67,7.95,230
89.2,53.27,37.53,25.63,17.98,12.63,7.95,230
89.4,53.26,37.53,25.66,17.95,12.7,7.89,230
89.6,53.23,37.53,25.59,17.96,12.63,7.88,230
89.8,53.29,37.49,25.59,18.02,12.72,7.9,230
90,53.23,37.48,25.63,17.96,12.67,7.98,230
90.2,53.26,37.49,25.61,17.96,12.67,7.88,230
90.4,53.23,37.54,25.55,17.94,12.7,7.9,230
90.6,53.31,37.52,25.63,17.95,12.66,7.94,230
90.8,53.31,37.53,25.63,17.94,12.56,7.89,230
91,53.35,37.53,25.66,18.01,12.59,7.91,230
91.2,53.3,37.58,25.68,18.01,12.63,7.87,230
91.4,53.3,37.55,25.61,17.98,12.66,7.87,230
91.6,53.37,37.6,25.7,18.02,12.63,7.9,230
91.8,53.29,37.6,25.63,18.03,12.69,7.89,230
92,53.35,37.6,25.64,17.95,12.69,7.94,230
92.2,53.39,37.6,25.7,17.98,12.63,7.99,230
92.4,53.37,37.58,25.7,17.94,12.73,7.96,230
92.6,53.37,37.63,25.66,18.01,12.63,7.9,230
92.8,53.39,37.6,25.7,17.98,12.63,7.98,230
93,53.4,37.58,25.7,17.98,12.67,7.89,230
93.2,53.38,37.65,25.7,18.05,12.66,7.94,230
93.4,53.4,37.66,25.72,17.98,12.66,7.9,230
93.6,53.45,37.67,25.7,17.98,12.72,7.99,230
93.8,53.4,37.61,25.77,17.98,12.72,7.88,230
94,53.4,37.67,25.77,17.96,12.66,7.96,230
94.2,53.44,37.66,25.77,18.01,12.72,7.94,230
94.4,53.42,37.65,25.77,17.98,12.66,7.94,230
94.6,53.46,37.67,25.77,18.02,12.67,7.94,230
94.8,53.45,37.68,25.75,18.05,12.67,7.9,230
95,53.44,37.68,25.79,18.03,12.61,7.95,230
95.2,53.46,37.63,25.72,18.05,12.7,7.91,230
95.4,53.46,37.67,25.72,18.02,12.7,7.89,230
95.6,53.49,37.66,25.74,18.01,12.67,7.88,230
95.8,53.52,37.7,25.81,18.02,12.7,7.94,230
96,53.52,37.72,25.72,17.98,12.73,7.9,230
96.2,53.49,37.68,25.77,18.03,12.7,7.95,230
96.4,53.52,37.77,25.77,18.02,12.69,7.96,230
96.6,53.46,37.73,25.77,18.07,12.66,7.94,230
96.8,53.49,37.7,25.72,18.09,12.63,7.9,230
97,53.52,37.66,25.7,17.98,12.66,7.95,230
97.2,53.49,37.77,25.75,18.05,12.72,7.9,230
97.4,53.52,37.74,25.74,18.02,12.72,7.95,230
97.6,53.55,37.77,25.77,18.01,12.67,7.94,230
97.8,53.52,37.72,25.81,17.98,12.72,7.95,230
98,53.52,37.68,25.82,18.05,12.73,7.9,230
98.2,53.56,37.7,25.77,17.98,12.66,7.95,230
98.4,53.52,37.7,25.82,18.03,12.73,7.91,230
98.6,53.59,37.7,25.77,18.09,12.63,7.89,230
98.8,53.61,37.75,25.81,18.14,12.7,7.89,230
99,53.62,37.73,25.79,18.11,12.72,7.94,230
99.2,53.63,37.77,25.77,18.08,12.7,7.89,230
99.4,53.56,37.73,25.84,18.11,12.8,7.96,230
99.6,53.57,37.74,25.84,18.07,12.76,7.98,230
99.8,53.62,37.74,25.82,18.03,12.72,7.96,230
100,53.67,37.77,25.82,18.05,12.69,7.96,230
100.2,53.59,37.72,25.84,18.07,12.67,7.88,230
100.4,53.64,37.74,25.82,18.05,12.69,7.99,230
100.6,53.68,37.73,25.81,18.09,12.67,7.98,230
100.8,53.59,37.72,25.79,18.11,12.76,7.96,230
101,53.61,37.7,25.82,18.01,12.82,7.9,230
101.2,53.63,37.73,25.84,18.03,12.66,7.96,230
101.4,53.63,37.77,25.82,18.05,12.8,7.99,230
101.6,53.64,37.75,25.82,18.07,12.69,7.98,230
101.8,53.64,37.77,25.84,18.09,12.73,7.96,230
102,53.67,37.77,25.84,18.12,12.74,7.96,230
102.2,53.66,37.77,25.84,18.11,12.7,7.89,230
102.4,53.73,37.83,25.82,18.14,12.73,7.98,230
102.6,53.66,37.78,25.84,18.16,12.7,8.02,230
102.8,53.7,37.77,25.9,18.07,12.7,8.02,230
103,53.7,37.8,25.84,18.07,12.76,7.98,230
103.2,53.7,37.8,25.82,18.07,12.74,7.95,230
103.4,53.7,37.8,25.88,18.09,12.74,7.95,230
103.6,53.7,37.73,25.84,18.09,12.7,7.94,230
103.8,53.68,37.78,25.84,18.12,12.73,7.98,230
104,53.68,37.84,25.84,18.07,12.74,7.99,230
104.2,53.67,37.84,25.88,18.07,12.74,7.96,230
104.4,53.67,37.8,25.82,18.16,12.7,7.98,230
104.6,53.74,37.8,25.88,18.11,12.77,7.98,230
104.8,53.7,37.8,25.79,18.05,12.74,7.98,230
105,53.63,37.78,25.84,18.07,12.76,7.96,230
105.2,53.67,37.78,25.91,18.08,12.73,7.98,230
105.4,53.64,37.84,25.87,18.09,12.72,7.98,230
105.6,53.64,37.78,25.97,18.09,12.7,7.98,230
105.8,53.66,37.83,25.92,18.14,12.7,7.98,230
106,53.7,37.84,25.81,18.2,12.74,7.98,230
106.2,53.64,37.84,25.87,18.18,12.72,8.02,230
106.4,53.67,37.8,25.84,18.2,12.8,8.02,230
106.6,53.73,37.84,25.84,18.09,12.8,8.02,230
106.8,53.7,37.85,25.9,18.14,12.8,7.99,230
107,53.7,37.85,25.91,18.12,12.8,7.96,230
107.2,53.67,37.83,25.88,18.09,12.8,7.94,230
107.4,53.74,37.84,25.88,18.14,12.74,7.99,230
107.6,53.68,37.83,25.95,18.11,12.76,7.95,230
107.8,53.67,37.84,25.9,18.12,12.76,8.02,230
108,53.67,37.85,25.84,18.14,12.69,7.99,230
108.2,53.68,37.84,25.9,18.14,12.72,8.04,230
108.4,53.73,37.84,25.87,18.05,12.77,7.98,230
108.6,53.68,37.87,25.84,18.08,12.82,7.95,230
108.8,53.7,37.85,25.84,18.12,12.77,7.99,230
109,53.7,37.8,25.84,18.09,12.77,8.02,230
109.2,53.67,37.83,25.91,18.14,12.8,7.95,230
109.4,53.66,37.87,25.9,18.07,12.76,8.02,230
109.6,53.7,37.84,25.87,18.11,12.76,7.98,230
109.8,53.7,37.85,25.9,18.16,12.73,8.02,230
110,53.7,37.85,25.88,18.16,12.8,7.99,230
110.2,53.68,37.85,25.84,18.11,12.82,7.96,230
110.4,53.73,37.91,25.87,18.07,12.8,7.96,230
110.6,53.66,37.8,25.91,18.11,12.83,8.02,230
110.8,53.7,37.78,25.9,18.09,12.83,7.99,230
111,53.77,37.83,25.92,18.16,12.73,8.02,230
111.2,53.75,37.78,25.9,18.16,12.8,7.98,230
111.4,53.75,37.8,25.84,18.12,12.74,8.04,230
111.6,53.81,37.87,25.91,18.16,12.74,8.02,230
111.8,53.74,37.88,25.91,18.11,12.76,7.99,230
112,53.77,37.88,25.84,18.09,12.82,7.98,230
112.2,53.77,37.8,25.84,18.11,12.8,8.04,230
112.4,53.77,37.85,25.95,18.07,12.76,8.02,230
112.6,53.77,37.83,25.91,18.08,12.82,8.04,230
112.8,53.77,37.88,25.9,18.07,12.76,8.04,230
113,53.77,37.88,25.95,18.16,12.76,7.96,230
113.2,53.7,37.88,25.9,18.18,12.8,8.02,230
113.4,53.74,37.84,25.95,18.11,12.76,7.96,230
113.6,53.84,37.85,25.88,18.11,12.72,8.02,230
113.8,53.77,37.88,25.87,18.14,12.8,8.04,230
114,53.75,37.87,25.91,18.07,12.77,7.98,230
114.2,53.85,37.84,25.95,18.11,12.76,7.99,230
114.4,53.84,37.88,25.92,18.12,12.77,7.94,230
114.6,53.84,37.91,26,18.11,12.77,7.99,230
114.8,53.82,37.85,25.9,18.14,12.8,7.98,230
115,53.82,37.88,25.88,18.22,12.73,7.98,230
115.2,53.88,37.93,25.95,18.16,12.76,8.08,230
115.4,53.87,37.91,25.91,18.18,12.73,7.98,230
115.6,53.81,37.98,25.95,18.23,12.82,8.02,230
115.8,53.82,37.88,25.91,18.11,12.8,7.98,230
116,53.84,37.96,25.98,18.16,12.82,7.98,230
116.2,53.82,37.93,26.02,18.14,12.77,7.98,230
116.4,53.85,37.91,25.98,18.16,12.83,8.04,230
116.6,53.85,37.96,25.98,18.18,12.77,8.02,230
116.8,53.85,38.01,25.98,18.22,12.77,8.05,230
117,53.84,37.96,25.95,18.18,12.8,8.04,230
117.2,53.82,37.93,25.98,18.25,12.8,8.08,230
117.4,53.85,37.91,25.91,18.18,12.83,8.02,230
117.6,53.88,37.98,25.97,18.18,12.86,8.02,230
117.8,53.89,37.96,25.9,18.18,12.86,8.02,230
118,53.9,37.96,26.02,18.23,12.83,8.04,230
118.2,53.89,37.94,26.02,18.2,12.82,8.04,230
118.4,53.87,37.94,26,18.25,12.8,8.04,230
118.6,53.92,37.88,25.98,18.18,12.8,8.04,230
118.8,53.9,37.93,25.97,18.24,12.82,8.02,230
119,53.94,37.93,25.95,18.25,12.83,8.08,230
119.2,53.89,37.98,26.02,18.22,12.82,7.99,230
119.4,53.89,37.91,25.98,18.16,12.82,7.99,230
119.6,53.88,37.91,26,18.16,12.83,8.08,230
119.8,53.92,37.96,25.98,18.16,12.82,7.99,230
120,53.87,37.88,26.02,18.2,12.86,7.98,230
120.2,53.9,37.91,25.97,18.23,12.76,7.95,230
120.4,53.9,37.96,25.98,18.23,12.8,8.02,230
120.6,53.9,37.94,25.98,18.24,12.76,8.02,230
120.8,53.92,37.96,25.95,18.2,12.74,8.08,230
121,53.9,37.98,25.92,18.23,12.86,8.05,230
121.2,53.89,37.96,26.04,18.16,12.88,8.05,230
121.4,53.89,38.03,26.02,18.16,12.86,8.08,230
121.6,53.9,38,26,18.22,12.86,8.04,230
121.8,53.95,38,26,18.16,12.86,7.98,230
122,53.96,38.03,26,18.16,12.8,8.08,230
122.2,53.9,38.05,26.02,18.24,12.8,8.1,230
122.4,53.89,38.01,25.98,18.25,12.83,8.02,230
122.6,53.94,38.03,26,18.22,12.8,8.02,230
122.8,53.85,37.98,25.95,18.23,12.8,8.05,230
123,53.88,37.96,25.95,18.16,12.87,8.04,230
123.2,53.95,37.96,25.97,18.2,12.8,8.04,230
123.4,53.95,37.98,26.02,18.16,12.83,8.08,230
123.6,53.87,38.03,26,18.18,12.89,8.04,230
123.8,53.87,38.01,26,18.18,12.77,8.02,230
124,53.9,37.96,25.98,18.2,12.8,8.02,230
124.2,53.94,38,26,18.23,12.82,8.02,230
124.4,53.95,38.05,25.98,18.23,12.77,8.02,230
124.6,53.94,38.03,26.04,18.29,12.82,8.05,230
124.8,53.89,38.07,25.98,18.16,12.77,8.05,230
125,53.92,38.01,26.02,18.22,12.86,8.05,230
125.2,53.88,38.05,26.02,18.18,12.86,8.05,230
125.4,53.88,38.03,26.04,18.23,12.87,8.05,230
125.6,53.95,38.01,26.02,18.22,12.82,8.05,230
125.8,53.92,38.03,26.02,18.2,12.8,8.04,230
126,53.92,38.01,26.09,18.25,12.76,8.1,230
126.2,53.95,37.98,26,18.24,12.8,8.02,230
126.4,53.95,38.05,26.04,18.25,12.77,8.04,230
126.6,53.96,38.03,26.02,18.22,12.87,7.96,230
126.8,54.01,38.1,26.05,18.22,12.82,8.11,230
127,53.99,38.03,26.02,18.14,12.8,8.05,230
127.2,53.96,37.98,26.05,18.24,12.83,8.05,230
127.4,53.95,38,26.02,18.2,12.74,8.08,230
127.6,53.95,38.05,26.02,18.25,12.88,8.08,230
127.8,53.95,38,26.04,18.23,12.83,8.1,230
128,53.95,38.01,26.04,18.31,12.8,8.09,230
128.2,53.98,38.11,26.02,18.25,12.8,8.1,230
128.4,53.95,38.07,26.05,18.22,12.89,8.05,230
128.6,53.94,38.1,26.04,18.23,12.87,8.08,230
128.8,53.94,38.08,26.02,18.25,12.87,8.09,230
129,54.01,38.05,26.02,18.22,12.82,8.08,230
129.2,53.95,38.08,26.04,18.25,12.87,8.08,230
129.4,53.96,38.07,26.08,18.31,12.83,8.02,230
129.6,53.95,38.03,26.1,18.29,12.87,8.05,230
129.8,53.95,38.07,26.05,18.29,12.86,8.1,230
130,53.95,38.1,26.08,18.29,12.86,8.04,230
130.2,54.01,38.07,26.08,18.24,12.86,7.99,230
130.4,53.96,38.05,26.05,18.2,12.82,8.05,230
130.6,53.95,38.08,26,18.22,12.86,8.02,230
130.8,53.98,38.03,26.05,18.22,12.87,8.09,230
131,53.98,38.11,26.08,18.22,12.89,8.02,230
131.2,53.98,38.05,26.11,18.25,12.8,8.04,230
131.4,53.99,38.01,26.05,18.27,12.87,8.09,230
131.6,53.98,38.03,26.1,18.24,12.8,8.02,230
131.8,53.95,38.05,26.02,18.25,12.77,8.05,230
132,53.96,38.05,26.09,18.23,12.83,8.08,230
132.2,53.98,38.1,26.02,18.22,12.86,8.08,230
132.4,53.92,38.11,26.08,18.24,12.86,8.02,230
132.6,53.9,38.07,26.04,18.22,12.87,8.09,230
132.8,53.98,38.03,26.04,18.22,12.89,8.1,230
133,53.99,38.07,26.09,18.29,12.88,7.99,230
133.2,53.99,38.08,26.09,18.22,12.83,8.08,230
133.4,53.99,38.1,26.09,18.3,12.87,8.05,230
133.6,54.01,38.07,26.02,18.29,12.8,8.09,230
133.8,53.98,38.05,26.02,18.31,12.86,8.08,230
134,54.01,38.03,26.05,18.2,12.87,8.08,230
134.2,54.01,38.05,26.02,18.22,12.93,8.02,230
134.4,54.05,38.07,26.02,18.22,12.89,8.08,230
134.6,54.08,38.05,26.1,18.22,12.91,8.05,230
134.8,54.01,38.05,26.08,18.34,12.87,8.02,230
135,54.08,38.01,26.1,18.27,12.89,8.08,230
135.2,54.02,38.03,26.11,18.29,12.86,8.02,230
135.4,54.05,38.08,26.02,18.24,12.83,8.02,230
135.6,54.01,38.05,26.11,18.3,12.87,8.02,230
135.8,54.01,38.05,26.04,18.18,12.87,8.08,230
136,54.05,38.08,26.04,18.23,12.87,8.04,230
136.2,54.01,38.08,26.02,18.24,12.87,8.08,230
136.4,54.01,38.13,26.13,18.27,12.8,8.08,230
136.6,54.01,38.18,26.1,18.29,12.86,8.08,230
136.8,54.05,38.13,26.08,18.3,12.82,8.05,230
137,54.1,38.16,26.11,18.37,12.82,8.09,230
137.2,54.1,38.1,26.04,18.34,12.82,8.02,230
137.4,54.08,38.08,26.17,18.36,12.89,8.02,230
137.6,54.1,38.07,26.11,18.24,12.88,8.08,230
137.8,54.12,38.16,26.09,18.3,12.88,8.02,230
138,54.13,38.08,26.11,18.29,12.95,8.08,230
138.2,54.12,38.18,26.13,18.25,12.87,8.02,230
138.4,54.12,38.17,26.15,18.27,12.87,8.04,230
138.6,54.08,38.13,26.1,18.24,12.88,8.04,230
138.8,54.12,38.13,26.1,18.31,12.83,8.08,230
139,54.1,38.16,26.04,18.24,12.89,8.02,230
139.2,54.2,38.13,26.08,18.31,12.86,8.08,230
139.4,54.1,38.13,26.13,18.24,12.83,8.02,230
139.6,54.1,38.23,26.11,18.25,12.86,7.98,230
139.8,54.05,38.13,26.04,18.24,12.86,8.04,230
140,54.1,38.08,26.09,18.22,12.89,7.99,230
140.2,54.07,38.1,26.09,18.22,12.88,7.96,230
140.4,54.1,38.1,26.11,18.24,12.8,7.98,230
140.6,54.08,38.16,26.04,18.24,12.77,8.02,230
140.8,54.07,38.08,26.09,18.25,12.8,7.98,230
141,54.05,38.05,26.02,18.27,12.76,7.95,230
141.2,54.07,38.07,26.04,18.16,12.86,7.98,230
141.4,54.01,38.07,25.98,18.14,12.77,7.94,230
141.6,54.08,38.03,25.97,18.2,12.76,7.94,230
141.8,54.01,38.1,25.95,18.18,12.8,7.95,230
142,54.01,38.08,25.98,18.18,12.77,7.96,230
142.2,54.05,38.05,26.02,18.2,12.82,7.95,230
142.4,53.99,38.03,25.98,18.24,12.77,7.98,230
142.6,54.07,38.03,26.02,18.2,12.74,7.98,230
142.8,54.07,37.94,26.02,18.18,12.76,7.94,230
143,54.01,38,25.97,18.18,12.82,7.96,230
143.2,54.01,38,25.95,18.16,12.8,7.95,230
143.4,54.01,38.1,25.95,18.2,12.8,7.98,230
143.6,54.02,38.05,25.98,18.14,12.82,7.91,230
143.8,54.01,38.05,25.92,18.22,12.82,8.02,230
144,54.05,38.05,26.02,18.14,12.8,7.96,230
144.2,54.02,38.01,25.98,18.16,12.82,8.02,230
144.4,54.01,37.98,26,18.22,12.76,8.02,230
144.6,54.08,38.03,25.95,18.23,12.8,8.04,230
144.8,54.05,38.05,26,18.23,12.73,8.02,230
145,53.98,38.03,26.02,18.16,12.76,7.98,230
145.2,54.01,38.07,26.02,18.22,12.83,8.02,230
145.4,54.05,38.08,26.02,18.2,12.86,8.02,230
145.6,54.07,38.05,26,18.16,12.88,8.05,230
145.8,54.02,38.1,26.02,18.22,12.76,8.02,230
146,54.02,38.1,26.04,18.22,12.82,7.99,230
146.2,54.01,38.11,25.95,18.23,12.76,8.04,230
146.4,54.05,38.05,26.04,18.25,12.83,8.04,230
146.6,54.02,37.98,26.04,18.2,12.76,8.04,230
146.8,54.05,38.1,26.02,18.16,12.77,8.02,230
147,53.99,38.05,26.02,18.16,12.82,8.04,230
147.2,54.01,38.07,26.02,18.14,12.8,7.98,230
147.4,54.01,38.03,26.02,18.11,12.89,8.04,230
147.6,54.02,38.05,26.05,18.16,12.76,7.99,230
147.8,54.01,38.07,26.02,18.2,12.76,7.99,230
148,54.02,38.07,26.02,18.2,12.8,8.02,230
148.2,54.01,38.05,25.98,18.24,12.8,8.05,230
148.4,54.12,38.05,26.02,18.22,12.77,8.05,230
148.6,54.07,38.07,26.04,18.23,12.86,8.02,230
148.8,54.01,38.05,26.02,18.16,12.8,8.05,230
149,54.07,38.05,26.04,18.2,12.8,8.05,230
149.2,54.05,38.1,26.08,18.22,12.88,8.04,230
149.4,54.01,38.11,26.04,18.2,12.82,8.05,230
149.6,54.05,38.13,26.05,18.27,12.82,7.98,230
149.8,54.08,38.11,26.05,18.29,12.8,8.02,230
150,54.1,38.08,26.04,18.3,12.77,8.02,230
150.2,54.07,38.13,26.1,18.25,12.8,8.05,230
150.4,54.14,38.08,26.04,18.2,12.83,8.02,230
150.6,54.1,38.13,26.02,18.24,12.88,8.02,230
150.8,54.07,38.13,26.02,18.2,12.82,7.99,230
151,54.05,38.13,26.02,18.18,12.83,7.95,230
151.2,54.15,38.13,26.1,18.22,12.88,8.02,230
151.4,54.08,38.07,26.08,18.2,12.82,8.02,230
151.6,54.15,38.03,26.02,18.24,12.8,7.99,230
151.8,54.07,38.01,26.02,18.25,12.76,7.95,230
152,54.15,38,25.97,18.24,12.8,7.95,230
152.2,54.14,38,25.95,18.14,12.88,7.99,230
152.4,54.05,38,26.02,18.14,12.83,7.98,230
152.6,54.15,38.08,26.02,18.16,12.82,7.95,230
152.8,54.07,38.03,26.02,18.16,12.8,7.96,230
153,54.07,38.05,26.04,18.23,12.8,7.95,230
153.2,54.1,38.1,26.02,18.18,12.77,7.91,230
153.4,54.08,38.08,26,18.2,12.77,7.96,230
153.6,54.12,38.05,26.02,18.18,12.74,7.96,230
153.8,54.05,38.11,25.98,18.18,12.73,7.96,230
154,54.1,38.13,26,18.2,12.77,7.91,230
154.2,54.05,38.03,26,18.14,12.76,7.95,230
154.4,54.05,38.07,25.97,18.16,12.8,7.94,230
154.6,54.02,38.05,26,18.16,12.82,7.95,230
154.8,53.98,38.05,26.02,18.14,12.73,7.95,230
155,54.05,38.03,26.02,18.16,12.72,7.95,230
155.2,54.05,38.05,26.02,18.23,12.7,7.98,230
155.4,54.02,38.07,25.92,18.16,12.72,7.94,230
155.6,54.05,38.01,25.95,18.16,12.76,7.99,230
155.8,54.02,37.98,25.91,18.11,12.72,7.91,230
156,54.02,38.01,25.95,18.09,12.74,7.95,230
156.2,54.05,38.03,25.91,18.12,12.7,7.95,230
156.4,54.05,38.1,26.02,18.12,12.8,7.94,230
156.6,54.05,38.08,26.02,18.16,12.73,7.91,230
156.8,54.05,38.1,25.97,18.09,12.72,7.9,230
157,54.1,38.07,25.95,18.16,12.73,7.88,230
157.2,54.08,38,25.97,18.16,12.7,7.88,230
157.4,54.05,38,25.9,18.12,12.69,7.87,230
157.6,54.08,37.98,25.92,18.12,12.69,7.88,230
157.8,54.02,37.98,25.9,18.09,12.7,7.94,230
158,54.05,38.01,25.91,18.14,12.73,7.89,230
158.2,54.02,37.98,25.91,18.03,12.74,7.94,230
158.4,54.02,38.01,25.95,18.12,12.72,7.91,230
158.6,54.05,38.05,25.91,18.11,12.7,7.94,230
158.8,54.05,38.03,25.91,18.09,12.72,7.88,230
159,54.01,38.07,25.95,18.16,12.69,7.84,230
159.2,54.02,38.05,25.98,18.14,12.63,7.83,230
159.4,54.02,38.05,25.91,18.14,12.63,7.91,230
159.6,54.02,38.05,25.95,18.03,12.69,7.89,230
159.8,54.05,38.07,25.9,18.11,12.72,7.88,230
160,54.08,38,25.92,18.08,12.72,7.89,230
160.2,54.05,38.08,25.95,18.11,12.76,7.9,230
160.4,54.05,38.05,26,18.11,12.69,7.9,230
160.6,54.01,38.05,25.92,18.18,12.72,7.9,230
160.8,54.05,38.07,25.98,18.18,12.7,7.9,230
161,54.07,38.05,26.02,18.14,12.69,7.87,230
161.2,54.05,38.07,25.92,18.2,12.63,7.84,230
161.4,54.01,38.05,25.98,18.14,12.73,7.89,230
161.6,54.01,38.03,25.95,18.07,12.76,7.89,230
161.8,54.01,38.05,25.91,18.12,12.7,7.87,230
162,53.98,38.05,25.92,18.07,12.7,7.87,230
162.2,54.01,38.01,25.92,18.12,12.73,7.91,230
162.4,54.01,38.01,25.95,18.11,12.67,7.87,230
162.6,54.01,38.07,25.95,18.08,12.73,7.87,230
162.8,54.01,38.03,25.95,18.08,12.7,7.9,230
163,54.01,38.07,25.95,18.11,12.69,7.9,230
163.2,54.01,38.05,25.88,18.09,12.72,7.95,230
163.4,54.01,38.01,25.9,18.09,12.7,7.98,230
163.6,54.08,37.98,25.95,18.08,12.69,7.98,230
163.8,54.1,38.05,25.9,18.11,12.76,7.95,230
164,54.07,38.07,25.98,18.12,12.8,7.95,230
164.2,54.12,38.05,26.02,18.12,12.74,7.98,230
164.4,54.15,38.05,26.02,18.22,12.7,7.95,230
164.6,54.15,38.05,26.04,18.12,12.73,7.95,230
164.8,54.15,38.1,25.95,18.18,12.72,7.98,230
165,54.14,38.16,25.97,18.11,12.72,7.98,230
165.2,54.14,38.11,26.02,18.11,12.8,7.95,230
165.4,54.2,38.07,25.98,18.14,12.8,7.91,230
165.6,54.2,38.16,26.04,18.11,12.8,7.96,230
165.8,54.17,38.05,26.04,18.16,12.77,7.98,230
166,54.18,38.05,26.09,18.24,12.76,7.96,230
166.2,54.15,38.05,26.04,18.24,12.74,8.02,230
166.4,54.17,38.07,26.05,18.2,12.74,7.95,230
166.6,54.15,38.1,26.08,18.25,12.74,7.99,230
166.8,54.18,38.07,26.04,18.16,12.74,7.95,230
167,54.12,38.13,26.02,18.16,12.74,7.91,230
167.2,54.2,38.1,26.02,18.12,12.76,7.94,230
167.4,54.17,38.08,26.02,18.16,12.73,7.94,230
167.6,54.12,38.13,26.04,18.14,12.82,7.96,230
167.8,54.2,38.1,26.08,18.23,12.73,7.95,230
168,54.12,38.13,26.09,18.27,12.76,7.94,230
168.2,54.14,38.13,26,18.2,12.74,7.96,230
168.4,54.18,38.13,26.05,18.23,12.77,7.98,230
168.6,54.14,38.17,26.04,18.16,12.76,7.94,230
168.8,54.12,38.13,26.1,18.22,12.8,7.94,230
169,54.2,38.2,26.04,18.16,12.8,7.94,230
169.2,54.17,38.11,26.08,18.16,12.8,7.98,230
169.4,54.12,38.13,26.05,18.16,12.8,7.98,230
169.6,54.12,38.11,26.05,18.22,12.74,8.02,230
169.8,54.14,38.11,26.08,18.24,12.8,7.99,230
170,54.17,38.05,26.09,18.18,12.8,7.95,230
170.2,54.23,38.13,26.15,18.27,12.76,7.96,230
170.4,54.13,38.1,26.02,18.24,12.74,7.96,230
170.6,54.17,38.05,26.08,18.2,12.8,7.96,230
170.8,54.23,38.07,26.05,18.22,12.77,7.96,230
171,54.18,38.07,26.02,18.22,12.8,7.96,230
171.2,54.2,38.13,26.04,18.22,12.8,7.95,230
171.4,54.18,38.13,26.05,18.24,12.8,7.99,230
171.6,54.17,38.13,26.09,18.23,12.8,8.04,230
171.8,54.2,38.11,26.08,18.31,12.8,8.02,230
172,54.18,38.08,26.02,18.25,12.82,8.02,230
172.2,54.18,38.13,26.04,18.3,12.83,7.96,230
172.4,54.2,38.13,26.04,18.22,12.86,7.98,230
172.6,54.23,38.18,26.11,18.25,12.8,7.98,230
172.8,54.2,38.18,26.13,18.27,12.77,7.96,230
173,54.2,38.17,26.05,18.18,12.82,7.95,230
173.2,54.17,38.18,26.1,18.24,12.8,7.98,230
173.4,54.15,38.11,26.13,18.22,12.8,7.95,230
173.6,54.23,38.16,26.08,18.27,12.74,7.95,230
173.8,54.23,38.13,26.1,18.18,12.76,8.02,230
174,54.2,38.17,26.02,18.24,12.8,8.02,230
174.2,54.17,38.11,26.05,18.16,12.8,7.96,230
174.4,54.17,38.11,26.02,18.18,12.83,7.96,230
174.6,54.17,38.16,26.02,18.23,12.82,7.98,230
174.8,54.13,38.18,26.05,18.18,12.8,7.98,230
175,54.1,38.1,26.08,18.18,12.82,7.99,230
175.2,54.2,38.13,26.04,18.22,12.74,7.99,230
175.4,54.17,38.2,26.02,18.22,12.76,7.99,230
175.6,54.15,38.1,26.04,18.25,12.77,7.99,230
175.8,54.17,38.08,26.04,18.2,12.77,7.98,230
176,54.18,38.13,26.04,18.2,12.74,8.02,230
176.2,54.14,38.13,26.04,18.14,12.77,7.94,230
176.4,54.2,38.13,26.02,18.22,12.82,8.02,230
176.6,54.2,38.13,26.02,18.2,12.8,7.98,230
176.8,54.18,38.18,26.08,18.18,12.8,7.96,230
177,54.2,38.13,26.02,18.23,12.76,7.95,230
177.2,54.2,38.18,26.04,18.24,12.77,7.96,230
177.4,54.15,38.18,26.02,18.2,12.69,7.9,230
177.6,54.2,38.13,26.05,18.23,12.77,8.02,230
177.8,54.23,38.11,26.02,18.16,12.8,7.98,230
178,54.2,38.16,26.02,18.18,12.8,7.96,230
178.2,54.23,38.17,26.02,18.2,12.82,7.98,230
178.4,54.18,38.17,26.02,18.16,12.74,8.02,230
178.6,54.2,38.13,26.08,18.16,12.77,7.95,230
178.8,54.14,38.17,26.08,18.22,12.76,7.95,230
179,54.2,38.2,26.09,18.24,12.76,7.95,230
179.2,54.17,38.2,26.05,18.27,12.7,7.98,230
179.4,54.18,38.16,26.09,18.24,12.74,7.9,230
179.6,54.2,38.23,26.08,18.23,12.76,7.98,230
179.8,54.15,38.16,26.1,18.22,12.8,7.98,230
180,54.18,38.2,26.08,18.24,12.77,7.96,230
180.2,54.2,38.17,26.04,18.25,12.77,7.99,230
180.4,54.2,38.13,26.11,18.2,12.76,7.95,230
180.6,54.23,38.2,26.11,18.27,12.8,7.96,230
180.8,54.17,38.18,26.1,18.18,12.7,7.98,230
181,54.18,38.23,26.04,18.22,12.76,7.96,230
181.2,54.2,38.16,26.08,18.3,12.69,7.94,230
181.4,54.23,38.16,26.08,18.2,12.73,7.99,230
181.6,54.23,38.2,26.08,18.2,12.82,7.95,230
181.8,54.2,38.18,26.05,18.16,12.8,7.96,230
182,54.2,38.2,26.05,18.16,12.83,7.95,230
182.2,54.25,38.13,26.05,18.22,12.8,8.02,230
182.4,54.3,38.13,26.05,18.22,12.86,7.95,230
182.6,54.25,38.1,26.09,18.25,12.76,7.94,230
182.8,54.24,38.11,26.09,18.23,12.82,7.95,230
183,54.2,38.13,26.09,18.22,12.74,7.95,230
183.2,54.2,38.13,26,18.2,12.74,7.91,230
183.4,54.2,38.1,26.04,18.18,12.73,7.91,230
183.6,54.2,38.11,26.02,18.16,12.8,7.88,230
183.8,54.14,38.2,26.02,18.16,12.83,7.87,230
184,54.18,38.17,26.04,18.16,12.8,7.89,230
184.2,54.2,38.13,26.11,18.23,12.8,7.89,230
184.4,54.2,38.13,26.05,18.18,12.74,7.84,230
184.6,54.18,38.13,26.04,18.2,12.76,7.94,230
184.8,54.18,38.13,26.08,18.23,12.76,7.89,230
185,54.13,38.18,26.05,18.2,12.72,7.9,230
185.2,54.12,38.13,26.02,18.14,12.77,7.89,230
185.4,54.15,38.1,26.02,18.14,12.77,7.89,230
185.6,54.14,38.11,26.02,18.09,12.73,7.88,230
185.8,54.14,38.08,26.02,18.16,12.73,7.87,230
186,54.08,38.1,26.08,18.2,12.76,7.89,230
186.2,54.14,38.1,26.08,18.14,12.73,7.87,230
186.4,54.07,38.17,26.02,18.23,12.72,7.84,230
186.6,54.13,38.05,26.02,18.16,12.7,7.88,230
186.8,54.14,38.1,25.98,18.16,12.7,7.9,230
187,54.14,38.07,25.95,18.14,12.66,7.9,230
187.2,54.07,38.05,25.92,18.12,12.74,7.88,230
187.4,54.07,38.1,25.95,18.08,12.73,7.89,230
187.6,54.05,38.08,25.95,18.07,12.7,7.89,230
187.8,54.05,38.08,25.98,18.09,12.72,7.89,230
188,54.08,38.1,26.02,18.18,12.63,7.88,230
188.2,54.1,38.05,26,18.14,12.61,7.87,230
188.4,54.1,38.13,26.02,18.11,12.72,7.91,230
188.6,54.05,38.13,25.98,18.16,12.69,7.89,230
188.8,54.1,38.13,25.91,18.11,12.66,7.81,230
189,54.08,38.07,25.95,18.12,12.72,7.88,230
189.2,54.14,38.11,25.98,18.07,12.74,7.83,230
189.4,54.15,38.11,26,18.09,12.73,7.84,230
189.6,54.2,38.18,25.98,18.09,12.7,7.84,230
189.8,54.18,38.13,25.91,18.16,12.69,7.84,230
190,54.17,38.1,26,18.12,12.66,7.87,230
190.2,54.2,38.07,26,18.22,12.69,7.89,230
190.4,54.18,38.1,25.97,18.16,12.69,7.84,230
190.6,54.17,38.05,25.97,18.11,12.63,7.88,230
190.8,54.14,38.03,25.97,18.08,12.7,7.8,230
191,54.12,38.11,25.98,18.08,12.67,7.77,230
191.2,54.14,38.05,25.97,18.09,12.67,7.88,230
191.4,54.18,38.08,25.95,18.12,12.73,7.81,230
191.6,54.17,38.05,25.98,18.16,12.7,7.84,230
191.8,54.12,38.05,25.95,18.12,12.69,7.89,230
192,54.17,38.03,25.95,18.16,12.69,7.81,230
192.2,54.15,37.98,25.97,18.14,12.61,7.84,230
192.4,54.14,38.01,25.9,18.03,12.67,7.88,230
192.6,54.13,38.07,25.95,18.05,12.67,7.91,230
192.8,54.13,38.08,25.95,18.08,12.7,7.87,230
193,54.14,38,25.95,18.09,12.7,7.84,230
193.2,54.12,38.05,25.95,18.12,12.69,7.88,230
193.4,54.14,38.03,25.95,18.14,12.7,7.89,230
193.6,54.2,38,25.95,18.14,12.7,7.88,230
193.8,54.2,38.11,25.98,18.12,12.7,7.9,230
194,54.14,38.05,26.02,18.16,12.66,7.91,230
194.2,54.12,38.07,25.97,18.09,12.63,7.91,230
194.4,54.17,38.05,25.98,18.08,12.72,7.91,230
194.6,54.12,38.08,26,18.12,12.77,7.94,230
194.8,54.08,38.05,26.02,18.11,12.74,7.91,230
195,54.17,38.07,26,18.14,12.72,7.95,230
195.2,54.07,38.05,26.02,18.16,12.76,7.95,230
195.4,54.1,38.08,26,18.14,12.69,7.89,230
195.6,54.17,38.05,26.02,18.18,12.67,7.88,230
195.8,54.14,38.07,26.08,18.22,12.7,7.94,230
196,54.12,38.05,25.98,18.16,12.72,7.9,230
196.2,54.12,38.08,26.02,18.12,12.66,7.87,230
196.4,54.15,38.05,26.02,18.14,12.74,7.88,230
196.6,54.15,38.07,25.95,18.11,12.74,7.9,230
196.8,54.2,38.08,25.97,18.09,12.7,7.91,230
197,54.23,38.1,25.97,18.16,12.76,7.94,230
197.2,54.18,38.05,26.04,18.12,12.73,7.96,230
197.4,54.17,38.07,26.02,18.22,12.7,7.94,230
197.6,54.17,38.11,26.04,18.22,12.69,7.98,230
197.8,54.15,38.11,26.02,18.18,12.7,7.91,230
198,54.2,38.08,25.98,18.12,12.69,7.91,230
198.2,54.12,38.2,25.98,18.16,12.8,7.9,230
198.4,54.13,38.17,26.02,18.18,12.73,7.96,230
198.6,54.2,38.16,26.05,18.11,12.73,7.94,230
198.8,54.17,38.11,26.04,18.24,12.7,7.88,230
199,54.2,38.1,26.13,18.18,12.7,7.9,230
199.2,54.2,38.13,26.1,18.18,12.7,7.91,230
199.4,54.27,38.13,26.05,18.24,12.73,7.94,230
199.6,54.24,38.17,26.08,18.24,12.74,7.96,230
199.8,54.3,38.13,26.04,18.16,12.77,7.94,230
200,54.27,38.16,26.04,18.22,12.76,7.96,230
200.2,54.31,38.17,26.05,18.23,12.74,7.95,230
200.4,54.25,38.18,26.09,18.22,12.77,7.96,230
200.6,54.27,38.25,26.08,18.23,12.8,7.98,230
200.8,54.3,38.17,26.08,18.27,12.8,7.91,230
201,54.25,38.27,26.09,18.25,12.73,7.94,230
201.2,54.25,38.27,26.11,18.25,12.76,7.96,230
201.4,54.24,38.27,26.11,18.23,12.77,7.95,230
201.6,54.3,38.23,26.1,18.2,12.76,7.89,230
201.8,54.25,38.17,26.08,18.16,12.82,7.91,230
202,54.3,38.23,26.05,18.25,12.8,7.98,230
202.2,54.27,38.18,26.08,18.22,12.87,7.89,230
202.4,54.25,38.17,26.09,18.22,12.77,7.94,230
202.6,54.2,38.25,26.1,18.23,12.8,7.99,230
202.8,54.2,38.2,26.04,18.25,12.74,7.99,230
203,54.27,38.18,26.09,18.22,12.8,7.95,230
203.2,54.27,38.2,26.09,18.25,12.76,7.99,230
203.4,54.25,38.16,26.08,18.2,12.76,7.95,230
203.6,54.23,38.16,26.1,18.23,12.82,8.02,230
203.8,54.25,38.17,26.13,18.18,12.77,7.96,230
204,54.25,38.2,26.1,18.2,12.83,7.98,230
204.2,54.24,38.13,26.08,18.2,12.8,7.9,230
204.4,54.27,38.16,26.09,18.22,12.82,7.98,230
204.6,54.2,38.2,26.16,18.27,12.8,7.94,230
204.8,54.23,38.18,26.11,18.27,12.8,7.98,230
205,54.25,38.18,26.1,18.22,12.8,7.94,230
205.2,54.2,38.17,26.05,18.2,12.77,8.02,230
205.4,54.24,38.2,26.08,18.2,12.83,7.98,230
205.6,54.25,38.2,26.08,18.2,12.82,7.95,230
205.8,54.25,38.2,26.08,18.2,12.83,7.99,230
206,54.25,38.18,26.13,18.18,12.86,8.02,230
206.2,54.27,38.23,26.11,18.29,12.87,7.98,230
206.4,54.24,38.2,26.15,18.22,12.77,7.98,230
206.6,54.23,38.2,26.11,18.29,12.76,8.02,230
206.8,54.24,38.23,26.1,18.23,12.8,8.05,230
207,54.23,38.2,26.05,18.24,12.8,7.99,230
207.2,54.27,38.2,26.11,18.24,12.73,7.96,230
207.4,54.24,38.23,26.13,18.24,12.8,7.94,230
207.6,54.27,38.24,26.15,18.22,12.83,7.98,230
207.8,54.24,38.2,26.09,18.16,12.8,7.99,230
208,54.31,38.2,26.1,18.24,12.77,7.94,230
208.2,54.24,38.1,26.1,18.23,12.77,7.98,230
208.4,54.2,38.13,26.09,18.27,12.8,7.99,230
208.6,54.23,38.13,26.04,18.2,12.76,7.95,230
208.8,54.24,38.18,26.09,18.2,12.77,7.99,230
209,54.3,38.18,26.09,18.18,12.73,7.99,230
209.2,54.23,38.17,26.1,18.14,12.74,7.91,230
209.4,54.23,38.17,26.09,18.18,12.76,7.95,230
209.6,54.17,38.18,26.02,18.16,12.73,7.95,230
209.8,54.2,38.2,26.08,18.23,12.72,7.94,230
210,54.25,38.16,26.04,18.16,12.69,7.89,230
210.2,54.23,38.17,26.02,18.25,12.73,7.94,230
210.4,54.17,38.2,26.05,18.22,12.77,7.96,230
210.6,54.23,38.17,26.08,18.23,12.8,7.99,230
210.8,54.17,38.1,26.02,18.18,12.8,7.95,230
211,54.23,38.17,26.05,18.16,12.74,7.9,230
211.2,54.32,38.16,26.02,18.3,12.8,7.91,230
211.4,54.27,38.18,26.02,18.16,12.8,8.02,230
211.6,54.31,38.2,26.15,18.3,12.77,7.98,230
211.8,54.27,38.18,26.11,18.29,12.8,7.95,230
212,54.27,38.2,26.11,18.25,12.76,8.02,230
212.2,54.27,38.13,26.11,18.29,12.82,7.95,230
212.4,54.25,38.18,26.1,18.23,12.77,7.96,230
212.6,54.23,38.23,26.08,18.22,12.73,7.91,230
212.8,54.2,38.2,26.09,18.22,12.82,7.98,230
213,54.23,38.2,26.17,18.24,12.82,7.94,230
213.2,54.24,38.2,26.08,18.2,12.87,7.98,230
213.4,54.25,38.2,26.1,18.24,12.8,7.96,230
213.6,54.23,38.23,26.1,18.27,12.76,7.94,230
213.8,54.2,38.13,26.11,18.25,12.82,7.95,230
214,54.2,38.2,26.08,18.24,12.76,7.96,230
214.2,54.2,38.18,26.02,18.2,12.73,7.94,230
214.4,54.24,38.17,26.08,18.2,12.72,7.95,230
214.6,54.2,38.13,26.02,18.22,12.77,7.98,230
214.8,54.25,38.2,26.04,18.18,12.83,7.98,230
215,54.18,38.2,26.11,18.14,12.86,8.02,230
215.2,54.17,38.2,26.09,18.2,12.82,7.98,230
215.4,54.17,38.1,26.08,18.22,12.87,8.04,230
215.6,54.2,38.17,26.08,18.24,12.74,8.09,230
215.8,54.18,38.16,26.04,18.29,12.74,8.04,230
216,54.23,38.16,26.1,18.25,12.8,8.04,230
216.2,54.24,38.13,26.08,18.23,12.8,8.02,230
216.4,54.23,38.18,26.09,18.23,12.83,8.05,230
216.6,54.3,38.18,26.09,18.27,12.89,8.04,230
216.8,54.23,38.17,26.08,18.22,12.86,8.02,230
217,54.2,38.16,26.11,18.16,12.88,8.04,230
217.2,54.2,38.25,26.1,18.24,12.77,8.02,230
217.4,54.24,38.17,26.11,18.29,12.8,7.96,230
217.6,54.2,38.2,26.11,18.34,12.8,8.05,230
217.8,54.25,38.2,26.1,18.3,12.77,8.02,230
218,54.3,38.18,26.1,18.18,12.8,8.02,230
218.2,54.23,38.17,26.11,18.2,12.8,8.02,230
218.4,54.2,38.13,26.1,18.23,12.88,8.02,230
218.6,54.24,38.13,26.09,18.16,12.86,8.04,230
218.8,54.25,38.18,26.1,18.23,12.86,7.96,230
219,54.27,38.18,26.09,18.23,12.87,8.02,230
219.2,54.24,38.18,26.13,18.22,12.8,8.02,230
219.4,54.18,38.2,26.13,18.25,12.76,8.02,230
219.6,54.25,38.18,26.15,18.25,12.73,8.02,230
219.8,54.23,38.23,26.05,18.22,12.8,8.02,230
220,54.24,38.2,26.13,18.18,12.83,8.02,230
220.2,54.27,38.17,26.09,18.24,12.76,7.95,230
220.4,54.2,38.24,26.11,18.24,12.87,8.02,230
220.6,54.27,38.2,26.04,18.2,12.86,7.96,230
220.8,54.25,38.18,26.1,18.3,12.77,7.96,230
221,54.23,38.17,26.09,18.3,12.74,7.96,230
221.2,54.2,38.2,26.08,18.24,12.77,8.02,230
221.4,54.3,38.2,26.08,18.23,12.76,7.96,230
221.6,54.25,38.25,26.09,18.22,12.8,7.95,230
221.8,54.27,38.18,26.15,18.25,12.76,7.96,230
222,54.24,38.17,26.13,18.18,12.86,7.96,230
222.2,54.2,38.2,26.09,18.27,12.8,7.94,230
222.4,54.31,38.27,26.08,18.2,12.8,7.95,230
222.6,54.25,38.18,26.1,18.27,12.82,7.91,230
222.8,54.2,38.2,26.09,18.24,12.86,7.95,230
223,54.23,38.2,26.09,18.23,12.74,7.99,230
223.2,54.2,38.11,26.08,18.23,12.74,8.02,230
223.4,54.25,38.17,26.05,18.23,12.77,7.99,230
223.6,54.27,38.17,26.1,18.2,12.86,7.96,230
223.8,54.25,38.13,26.02,18.27,12.86,7.98,230
224,54.27,38.2,26.08,18.22,12.8,7.99,230
224.2,54.25,38.13,26.05,18.18,12.87,7.99,230
224.4,54.2,38.16,26.05,18.29,12.82,7.96,230
224.6,54.27,38.16,26.16,18.22,12.77,7.96,230
224.8,54.2,38.18,26.09,18.24,12.8,8.02,230
225,54.24,38.17,26.11,18.23,12.73,7.98,230
225.2,54.2,38.17,26.13,18.3,12.76,8.02,230
225.4,54.2,38.11,25.97,18.2,12.76,8.02,230
225.6,54.18,38.13,26.04,18.18,12.8,7.99,230
225.8,54.2,38.11,26.04,18.16,12.76,7.91,230
226,54.23,38.16,26.04,18.24,12.73,7.89,230
226.2,54.24,38.13,26.02,18.2,12.77,7.99,230
226.4,54.24,38.11,26.05,18.23,12.8,7.95,230
226.6,54.2,38.13,26.05,18.24,12.73,7.96,230
226.8,54.27,38.07,26.11,18.23,12.77,7.95,230
227,54.2,38.11,26.09,18.22,12.77,7.96,230
227.2,54.27,38.13,26.1,18.16,12.74,7.98,230
227.4,54.27,38.11,26.05,18.18,12.76,7.95,230
227.6,54.2,38.08,26.05,18.12,12.77,7.98,230
227.8,54.2,38.08,26.05,18.23,12.83,7.99,230
228,54.24,38.17,26.1,18.2,12.77,7.96,230
228.2,54.2,38.17,26.05,18.22,12.77,7.95,230
228.4,54.2,38.17,26.08,18.23,12.73,7.95,230
228.6,54.12,38.11,26.04,18.22,12.72,7.96,230
228.8,54.1,38.05,26.04,18.22,12.7,7.96,230
229,54.05,38.07,26.04,18.18,12.72,7.99,230
229.2,54.01,38.05,26.1,18.2,12.76,7.98,230
229.4,53.9,38.03,26.02,18.16,12.76,7.98,230
229.6,53.92,38,25.97,18.12,12.8,7.95,230
229.8,53.87,37.98,25.98,18.16,12.74,7.94,230
230,53.82,37.98,25.97,18.22,12.76,7.98,230
230.2,53.85,38,25.98,18.24,12.73,7.95,230
230.4,53.81,37.98,25.98,18.22,12.7,7.95,230
230.6,53.81,37.98,26,18.22,12.73,7.94,230
230.8,53.7,37.94,26.02,18.18,12.73,7.98,230
231,53.77,37.96,25.95,18.14,12.74,7.96,230
231.2,53.77,37.93,25.95,18.16,12.8,8.02,230
231.4,53.64,37.85,25.95,18.16,12.76,7.98,230
231.6,53.59,37.91,25.92,18.09,12.74,7.98,230
231.8,53.59,37.84,25.91,18.16,12.73,7.98,230
232,53.57,37.87,25.91,18.2,12.73,7.99,230
232.2,53.46,37.8,25.91,18.18,12.76,7.94,230
232.4,53.45,37.8,25.92,18.2,12.74,7.99,230
232.6,53.37,37.8,25.88,18.09,12.73,7.89,230
232.8,53.33,37.72,25.82,18.11,12.7,7.96,230
233,53.33,37.77,25.79,18.07,12.76,7.9,230
233.2,53.3,37.7,25.79,18.07,12.72,7.91,230
233.4,53.27,37.65,25.77,18.03,12.72,7.91,230
233.6,53.27,37.55,25.79,18.11,12.72,7.95,230
233.8,53.27,37.6,25.74,18.11,12.72,7.91,230
234,53.24,37.61,25.77,18.07,12.66,7.91,230
234.2,53.21,37.59,25.7,18.03,12.69,7.88,230
234.4,53.21,37.59,25.72,17.98,12.67,7.94,230
234.6,53.21,37.59,25.77,17.98,12.63,7.96,230
234.8,53.18,37.54,25.66,17.98,12.72,7.96,230
235,53.21,37.53,25.72,17.98,12.72,7.98,230
235.2,53.21,37.53,25.68,18.01,12.72,7.94,230
235.4,53.2,37.48,25.7,18.02,12.72,7.91,230
235.6,53.12,37.48,25.66,17.98,12.7,7.94,230
235.8,53.11,37.49,25.64,18.03,12.69,7.94,230
236,53.11,37.48,25.64,18.01,12.63,7.9,230
236.2,53.12,37.46,25.63,18.01,12.63,7.91,230
236.4,53.04,37.48,25.7,18.01,12.59,7.9,230
236.6,53.02,37.45,25.68,17.95,12.66,7.91,230
236.8,53.06,37.46,25.66,17.94,12.67,7.88,230
237,53.06,37.48,25.62,17.95,12.66,7.9,230
237.2,53.02,37.41,25.66,17.95,12.7,7.91,230
237.4,53.06,37.42,25.62,18.02,12.63,7.9,230
237.6,53.05,37.45,25.66,17.96,12.63,7.84,230
237.8,53.06,37.4,25.61,17.96,12.63,7.9,230
238,53,37.34,25.61,17.98,12.59,7.91,230
238.2,53.02,37.35,25.62,17.94,12.59,7.9,230
238.4,53.04,37.35,25.55,17.89,12.63,7.84,230
238.6,52.99,37.37,25.52,17.85,12.63,7.87,230
238.8,52.99,37.37,25.52,17.91,12.61,7.91,230
239,53.02,37.33,25.61,17.96,12.66,7.88,230
239.2,52.98,37.35,25.61,17.98,12.63,7.9,230
239.4,52.98,37.35,25.57,17.95,12.61,7.88,230
239.6,52.96,37.34,25.61,17.95,12.59,7.84,230
239.8,53.02,37.39,25.63,17.91,12.61,7.94,230
240,53,37.35,25.59,17.89,12.59,7.89,230
240.2,53.05,37.35,25.57,17.84,12.56,7.89,230
240.4,53,37.37,25.57,17.84,12.61,7.87,230
240.6,53.02,37.37,25.52,17.9,12.59,7.91,230
240.8,53.02,37.37,25.57,17.89,12.61,7.88,230
241,53.04,37.35,25.56,17.9,12.61,7.9,230
241.2,53.11,37.39,25.55,17.91,12.56,7.9,230
241.4,53.05,37.34,25.55,17.89,12.59,7.83,230
241.6,53.07,37.34,25.59,17.95,12.55,7.88,230
241.8,53.06,37.34,25.59,17.87,12.56,7.83,230
242,53.12,37.34,25.56,17.9,12.61,7.81,230
242.2,53.13,37.39,25.52,17.94,12.61,7.81,230
242.4,53.04,37.34,25.57,17.9,12.63,7.87,230
242.6,53.12,37.42,25.62,17.87,12.59,7.89,230
242.8,53.13,37.42,25.52,17.94,12.63,7.89,230
243,53.14,37.4,25.59,17.95,12.52,7.81,230
243.2,53.2,37.33,25.61,17.89,12.55,7.88,230
243.4,53.2,37.37,25.59,17.95,12.59,7.83,230
243.6,53.16,37.39,25.56,17.9,12.54,7.83,230
243.8,53.21,37.39,25.59,17.87,12.52,7.83,230
244,53.2,37.42,25.61,17.91,12.56,7.81,230
244.2,53.14,37.42,25.52,17.83,12.59,7.84,230
244.4,53.21,37.4,25.52,17.84,12.59,7.77,230
244.6,53.18,37.42,25.55,17.87,12.56,7.83,230
244.8,53.2,37.39,25.55,17.87,12.59,7.75,230
245,53.19,37.41,25.52,17.85,12.48,7.8,230
245.2,53.2,37.42,25.57,17.81,12.46,7.77,230
245.4,53.13,37.46,25.59,17.84,12.48,7.77,230
245.6,53.19,37.42,25.56,17.75,12.52,7.77,230
245.8,53.13,37.46,25.52,17.84,12.56,7.77,230
246,53.2,37.39,25.57,17.84,12.56,7.84,230
246.2,53.27,37.4,25.61,17.85,12.54,7.77,230
246.4,53.31,37.41,25.52,17.83,12.59,7.8,230
246.6,53.24,37.42,25.56,17.87,12.56,7.81,230
246.8,53.26,37.37,25.57,17.89,12.48,7.81,230
247,53.27,37.39,25.55,17.87,12.52,7.84,230
247.2,53.29,37.46,25.61,17.87,12.59,7.8,230
247.4,53.2,37.48,25.57,17.85,12.48,7.8,230
247.6,53.27,37.4,25.45,17.83,12.52,7.77,230
247.8,53.24,37.42,25.55,17.8,12.54,7.83,230
248,53.23,37.39,25.5,17.84,12.52,7.77,230
248.2,53.3,37.45,25.5,17.8,12.54,7.74,230
248.4,53.24,37.39,25.55,17.87,12.54,7.81,230
248.6,53.24,37.41,25.52,17.85,12.5,7.8,230
248.8,53.23,37.41,25.56,17.87,12.52,7.88,230
249,53.26,37.46,25.56,17.85,12.48,7.8,230
249.2,53.16,37.41,25.52,17.84,12.5,7.83,230
249.4,53.23,37.42,25.52,17.77,12.52,7.83,230
249.6,53.26,37.48,25.59,17.84,12.5,7.83,230
249.8,53.29,37.52,25.56,17.89,12.52,7.83,230
250,53.27,37.49,25.56,17.87,12.54,7.8,230
250.2,53.21,37.52,25.57,17.89,12.56,7.87,230
250.4,53.26,37.48,25.61,17.87,12.48,7.77,230
250.6,53.26,37.45,25.59,17.91,12.48,7.81,230
250.8,53.26,37.48,25.59,17.87,12.5,7.8,230
251,53.24,37.52,25.59,17.77,12.52,7.81,230
251.2,53.21,37.46,25.52,17.83,12.55,7.77,230
251.4,53.24,37.49,25.52,17.89,12.52,7.83,230
251.6,53.24,37.52,25.56,17.87,12.55,7.81,230
251.8,53.26,37.45,25.59,17.81,12.48,7.81,230
252,53.21,37.46,25.52,17.89,12.52,7.81,230
252.2,53.27,37.52,25.61,17.84,12.48,7.77,230
252.4,53.26,37.45,25.61,17.87,12.45,7.8,230
252.6,53.3,37.48,25.61,17.84,12.48,7.81,230
252.8,53.24,37.48,25.59,17.75,12.48,7.81,230
253,53.26,37.48,25.61,17.84,12.54,7.75,230
253.2,53.19,37.45,25.52,17.81,12.54,7.81,230
253.4,53.21,37.48,25.55,17.8,12.56,7.87,230
253.6,53.19,37.48,25.52,17.81,12.52,7.87,230
253.8,53.16,37.48,25.52,17.89,12.59,7.83,230
254,53.23,37.52,25.61,17.87,12.54,7.84,230
254.2,53.24,37.52,25.62,17.87,12.52,7.83,230
254.4,53.23,37.52,25.59,17.91,12.55,7.8,230
254.6,53.21,37.49,25.61,17.89,12.48,7.81,230
254.8,53.23,37.54,25.52,17.83,12.48,7.81,230
255,53.26,37.54,25.52,17.83,12.56,7.8,230
255.2,53.18,37.53,25.52,17.87,12.52,7.81,230
255.4,53.2,37.54,25.56,17.85,12.54,7.83,230
255.6,53.2,37.52,25.56,17.9,12.55,7.81,230
255.8,53.23,37.53,25.66,17.9,12.59,7.81,230
256,53.26,37.48,25.62,17.91,12.5,7.8,230
256.2,53.23,37.49,25.62,17.87,12.5,7.84,230
256.4,53.19,37.48,25.59,17.85,12.52,7.81,230
256.6,53.19,37.48,25.61,17.81,12.52,7.8,230
256.8,53.29,37.4,25.61,17.85,12.59,7.83,230
257,53.26,37.49,25.57,17.89,12.55,7.77,230
257.2,53.24,37.49,25.61,17.85,12.55,7.8,230
257.4,53.2,37.48,25.55,17.87,12.54,7.77,230
257.6,53.26,37.48,25.56,17.84,12.54,7.77,230
257.8,53.21,37.41,25.61,17.89,12.48,7.77,230
258,53.26,37.46,25.63,17.85,12.42,7.74,230
258.2,53.27,37.32,25.52,17.8,12.48,7.75,230
258.4,53.19,37.37,25.5,17.73,12.45,7.81,230
258.6,53.2,37.37,25.44,17.77,12.52,7.8,230
258.8,53.18,37.37,25.5,17.84,12.55,7.8,230
259,53.21,37.4,25.56,17.89,12.48,7.77,230
259.2,53.13,37.39,25.5,17.87,12.48,7.77,230
259.4,53.19,37.4,25.52,17.87,12.52,7.8,230
259.6,53.14,37.45,25.55,17.77,12.48,7.83,230
259.8,53.19,37.34,25.56,17.9,12.52,7.74,230
260,53.16,37.4,25.55,17.83,12.46,7.77,230
260.2,53.19,37.41,25.57,17.83,12.45,7.83,230
260.4,53.16,37.41,25.5,17.83,12.48,7.77,230
260.6,53.13,37.42,25.57,17.8,12.54,7.77,230
260.8,53.18,37.42,25.57,17.87,12.54,7.81,230
261,53.18,37.42,25.57,17.94,12.5,7.77,230
261.2,53.18,37.48,25.57,17.89,12.5,7.74,230
261.4,53.2,37.48,25.62,17.91,12.46,7.66,230
261.6,53.24,37.54,25.61,17.89,12.5,7.8,230
261.8,53.23,37.49,25.56,17.91,12.5,7.77,230
262,53.26,37.53,25.61,17.89,12.48,7.77,230
262.2,53.23,37.52,25.63,17.85,12.48,7.77,230
262.4,53.2,37.52,25.57,17.87,12.52,7.87,230
262.6,53.2,37.52,25.56,17.83,12.55,7.75,230
262.8,53.21,37.48,25.56,17.84,12.48,7.8,230
263,53.23,37.4,25.59,17.94,12.52,7.77,230
263.2,53.26,37.48,25.57,17.87,12.48,7.83,230
263.4,53.21,37.53,25.66,17.9,12.48,7.77,230
263.6,53.21,37.48,25.62,17.94,12.5,7.83,230
263.8,53.23,37.52,25.62,17.83,12.5,7.8,230
264,53.23,37.48,25.62,17.85,12.48,7.69,230
264.2,53.27,37.48,25.56,17.83,12.56,7.77,230
264.4,53.31,37.39,25.56,17.87,12.61,7.77,230
264.6,53.26,37.48,25.57,17.85,12.55,7.83,230
264.8,53.3,37.48,25.56,17.87,12.59,7.83,230
265,53.31,37.42,25.63,17.9,12.52,7.77,230
265.2,53.24,37.46,25.61,17.95,12.56,7.87,230
265.4,53.3,37.48,25.63,17.89,12.54,7.84,230
265.6,53.3,37.41,25.64,17.89,12.46,7.81,230
265.8,53.26,37.45,25.61,17.89,12.48,7.8,230
266,53.2,37.42,25.57,17.8,12.56,7.77,230
266.2,53.2,37.48,25.59,17.87,12.56,7.77,230
266.4,53.21,37.46,25.56,17.85,12.56,7.8,230
266.6,53.21,37.35,25.59,17.9,12.5,7.77,230
266.8,53.21,37.41,25.57,17.84,12.5,7.8,230
267,53.19,37.4,25.61,17.85,12.48,7.77,230
267.2,53.23,37.37,25.59,17.85,12.52,7.75,230
267.4,53.19,37.48,25.59,17.89,12.52,7.81,230
267.6,53.21,37.35,25.57,17.84,12.46,7.8,230
267.8,53.23,37.45,25.57,17.84,12.59,7.77,230
268,53.2,37.46,25.55,17.84,12.52,7.8,230
268.2,53.18,37.42,25.57,17.85,12.54,7.75,230
268.4,53.26,37.34,25.57,17.84,12.48,7.8,230
268.6,53.2,37.4,25.49,17.8,12.52,7.75,230
268.8,53.26,37.39,25.49,17.83,12.48,7.73,230
269,53.2,37.41,25.52,17.85,12.39,7.7,230
269.2,53.16,37.41,25.49,17.8,12.45,7.7,230
269.4,53.16,37.41,25.59,17.83,12.4,7.7,230
269.6,53.11,37.41,25.55,17.8,12.48,7.73,230
269.8,53.19,37.41,25.52,17.83,12.45,7.69,230
270,53.2,37.4,25.52,17.77,12.45,7.77,230
270.2,53.21,37.35,25.52,17.83,12.48,7.66,230
270.4,53.27,37.35,25.49,17.84,12.52,7.73,230
270.6,53.18,37.32,25.57,17.77,12.42,7.73,230
270.8,53.19,37.37,25.55,17.89,12.45,7.75,230
271,53.23,37.42,25.59,17.89,12.46,7.75,230
271.2,53.2,37.45,25.59,17.83,12.45,7.69,230
271.4,53.2,37.4,25.62,17.8,12.45,7.74,230
271.6,53.16,37.41,25.5,17.8,12.52,7.7,230
271.8,53.21,37.48,25.52,17.81,12.46,7.66,230
272,53.2,37.46,25.49,17.84,12.48,7.73,230
272.2,53.18,37.42,25.52,17.83,12.48,7.69,230
272.4,53.2,37.46,25.57,17.8,12.46,7.69,230
272.6,53.2,37.45,25.5,17.77,12.41,7.69,230
272.8,53.26,37.48,25.59,17.8,12.45,7.7,230
273,53.21,37.42,25.56,17.8,12.4,7.7,230
273.2,53.24,37.46,25.59,17.83,12.48,7.73,230
273.4,53.19,37.48,25.49,17.83,12.46,7.73,230
273.6,53.21,37.41,25.56,17.8,12.48,7.75,230
273.8,53.16,37.42,25.56,17.84,12.52,7.7,230
274,53.19,37.37,25.5,17.83,12.48,7.75,230
274.2,53.18,37.37,25.57,17.83,12.45,7.64,230
274.4,53.18,37.35,25.57,17.87,12.42,7.73,230
274.6,53.14,37.42,25.57,17.75,12.48,7.73,230
274.8,53.16,37.42,25.52,17.74,12.42,7.69,230
275,53.13,37.34,25.52,17.73,12.39,7.74,230
275.2,53.09,37.35,25.44,17.7,12.48,7.7,230
275.4,53.14,37.33,25.44,17.74,12.48,7.77,230
275.6,53.14,37.34,25.48,17.81,12.48,7.74,230
275.8,53.11,37.34,25.48,17.81,12.42,7.69,230
276,53.12,37.27,25.52,17.77,12.45,7.74,230
276.2,53.14,37.34,25.49,17.75,12.4,7.75,230
276.4,53.16,37.35,25.49,17.77,12.4,7.74,230
276.6,53.16,37.35,25.5,17.75,12.42,7.74,230
276.8,53.19,37.3,25.52,17.75,12.46,7.73,230
277,53.19,37.3,25.43,17.8,12.5,7.8,230
277.2,53.19,37.34,25.48,17.77,12.46,7.74,230
277.4,53.18,37.35,25.45,17.81,12.46,7.73,230
277.6,53.16,37.4,25.45,17.85,12.48,7.75,230
277.8,53.19,37.41,25.48,17.8,12.48,7.74,230
278,53.2,37.3,25.52,17.81,12.46,7.69,230
278.2,53.2,37.32,25.52,17.83,12.45,7.74,230
278.4,53.14,37.33,25.52,17.8,12.41,7.77,230
278.6,53.14,37.35,25.52,17.8,12.4,7.7,230
278.8,53.2,37.4,25.45,17.7,12.46,7.74,230
279,53.14,37.48,25.48,17.77,12.48,7.77,230
279.2,53.13,37.35,25.48,17.74,12.45,7.77,230
279.4,53.19,37.4,25.52,17.8,12.5,7.73,230
279.6,53.12,37.37,25.49,17.81,12.5,7.74,230
279.8,53.16,37.42,25.49,17.83,12.42,7.75,230
280,53.13,37.42,25.5,17.84,12.4,7.83,230
280.2,53.12,37.41,25.52,17.77,12.45,7.77,230
280.4,53.18,37.41,25.55,17.77,12.45,7.77,230
280.6,53.2,37.35,25.55,17.75,12.42,7.8,230
280.8,53.21,37.39,25.48,17.77,12.48,7.7,230
281,53.19,37.41,25.56,17.77,12.48,7.77,230
281.2,53.16,37.35,25.5,17.8,12.46,7.75,230
281.4,53.14,37.45,25.45,17.77,12.46,7.73,230
281.6,53.16,37.39,25.56,17.75,12.5,7.77,230
281.8,53.16,37.4,25.56,17.83,12.48,7.8,230
282,53.18,37.45,25.52,17.74,12.41,7.74,230
282.2,53.2,37.42,25.52,17.75,12.42,7.75,230
282.4,53.23,37.41,25.52,17.77,12.41,7.74,230
282.6,53.16,37.39,25.49,17.77,12.48,7.74,230
282.8,53.2,37.42,25.5,17.77,12.48,7.7,230
283,53.12,37.37,25.5,17.85,12.48,7.7,230
283.2,53.19,37.42,25.52,17.77,12.48,7.75,230
283.4,53.16,37.41,25.52,17.83,12.4,7.7,230
283.6,53.21,37.42,25.55,17.85,12.45,7.77,230
283.8,53.2,37.41,25.57,17.8,12.41,7.74,230
284,53.14,37.41,25.56,17.74,12.42,7.77,230
284.2,53.19,37.41,25.55,17.81,12.48,7.77,230
284.4,53.14,37.4,25.55,17.8,12.46,7.77,230
284.6,53.21,37.42,25.5,17.81,12.46,7.8,230
284.8,53.24,37.48,25.52,17.8,12.48,7.77,230
285,53.21,37.46,25.5,17.8,12.5,7.75,230
285.2,53.24,37.42,25.48,17.81,12.46,7.73,230
285.4,53.23,37.46,25.52,17.75,12.42,7.77,230
285.6,53.27,37.48,25.55,17.77,12.46,7.7,230
285.8,53.2,37.4,25.59,17.84,12.46,7.7,230
286,53.29,37.42,25.56,17.77,12.5,7.7,230
286.2,53.21,37.41,25.52,17.83,12.48,7.7,230
286.4,53.24,37.41,25.52,17.83,12.46,7.73,230
286.6,53.27,37.46,25.59,17.85,12.5,7.74,230
286.8,53.33,37.53,25.5,17.84,12.48,7.74,230
287,53.26,37.54,25.55,17.84,12.48,7.73,230
287.2,53.31,37.46,25.62,17.84,12.48,7.75,230
287.4,53.24,37.45,25.59,17.87,12.54,7.7,230
287.6,53.33,37.52,25.64,17.84,12.48,7.75,230
287.8,53.33,37.55,25.64,17.87,12.42,7.77,230
288,53.31,37.53,25.56,17.8,12.48,7.77,230
288.2,53.3,37.48,25.56,17.8,12.5,7.77,230
288.4,53.33,37.54,25.57,17.9,12.54,7.77,230
288.6,53.29,37.49,25.61,17.89,12.5,7.8,230
288.8,53.35,37.58,25.56,17.85,12.55,7.75,230
289,53.33,37.48,25.62,17.87,12.46,7.73,230
289.2,53.33,37.52,25.61,17.85,12.45,7.74,230
289.4,53.3,37.52,25.62,17.81,12.48,7.77,230
289.6,53.37,37.48,25.61,17.85,12.46,7.75,230
289.8,53.33,37.52,25.62,17.84,12.55,7.77,230
290,53.3,37.48,25.61,17.81,12.54,7.77,230
290.2,53.37,37.49,25.59,17.83,12.5,7.77,230
290.4,53.33,37.59,25.62,17.89,12.48,7.73,230
290.6,53.4,37.63,25.59,17.89,12.5,7.77,230
290.8,53.33,37.65,25.66,17.91,12.55,7.77,230
291,53.37,37.53,25.64,17.9,12.48,7.77,230
291.2,53.33,37.55,25.64,17.85,12.46,7.77,230
291.4,53.35,37.54,25.63,17.85,12.5,7.77,230
291.6,53.37,37.49,25.61,17.84,12.52,7.77,230
291.8,53.35,37.55,25.61,17.85,12.48,7.77,230
292,53.38,37.54,25.62,17.9,12.55,7.8,230
292.2,53.35,37.6,25.62,17.91,12.56,7.77,230
292.4,53.3,37.6,25.62,17.87,12.55,7.77,230
292.6,53.39,37.61,25.68,17.9,12.5,7.77,230
292.8,53.4,37.61,25.7,17.94,12.55,7.77,230
293,53.44,37.6,25.66,17.84,12.59,7.77,230
293.2,53.39,37.54,25.64,17.87,12.48,7.81,230
293.4,53.37,37.63,25.64,17.85,12.52,7.74,230
293.6,53.38,37.63,25.64,17.89,12.59,7.73,230
293.8,53.39,37.54,25.63,17.9,12.56,7.81,230
294,53.42,37.55,25.57,17.83,12.59,7.77,230
294.2,53.38,37.48,25.63,17.89,12.54,7.83,230
294.4,53.39,37.52,25.61,17.87,12.55,7.77,230
294.6,53.46,37.48,25.59,17.91,12.5,7.74,230
294.8,53.35,37.48,25.64,17.83,12.48,7.77,230
295,53.38,37.45,25.59,17.87,12.5,7.73,230
295.2,53.33,37.45,25.59,17.77,12.46,7.7,230
295.4,53.37,37.49,25.5,17.83,12.55,7.74,230
295.6,53.33,37.49,25.52,17.81,12.48,7.74,230
295.8,53.33,37.48,25.55,17.83,12.5,7.7,230
296,53.33,37.39,25.52,17.9,12.48,7.75,230
296.2,53.33,37.45,25.52,17.84,12.48,7.73,230
296.4,53.33,37.48,25.56,17.83,12.48,7.69,230
296.6,53.33,37.49,25.61,17.8,12.5,7.75,230
296.8,53.33,37.49,25.59,17.77,12.46,7.7,230
297,53.31,37.49,25.61,17.84,12.45,7.77,230
297.2,53.3,37.45,25.59,17.8,12.55,7.73,230
297.4,53.31,37.48,25.55,17.81,12.48,7.77,230
297.6,53.27,37.48,25.55,17.87,12.48,7.77,230
297.8,53.33,37.48,25.52,17.89,12.48,7.81,230
298,53.29,37.52,25.52,17.84,12.52,7.75,230
298.2,53.3,37.52,25.61,17.75,12.46,7.77,230
298.4,53.31,37.49,25.61,17.84,12.45,7.73,230
298.6,53.3,37.49,25.56,17.87,12.42,7.77,230
298.8,53.31,37.53,25.63,17.8,12.45,7.73,230
299,53.37,37.48,25.64,17.83,12.52,7.68,230
299.2,53.33,37.49,25.62,17.84,12.5,7.8,230
299.4,53.3,37.52,25.56,17.9,12.52,7.74,230
299.6,53.33,37.58,25.63,17.94,12.55,7.8,230
299.8,53.33,37.48,25.61,17.91,12.56,7.81,230
300,53.37,37.53,25.64,17.9,12.54,7.77,230
300.2,53.29,37.55,25.63,17.98,12.52,7.77,230
